B6HQ90	Eukaryota	Fungi	Dikarya	Ascomycota	Pezizomycotina	Eurotiomycetes	Eurotiomycetidae	Eurotiales	Aspergillaceae	Penicillium	Penicillium chrysogenum species complex
B3QSP3	Bacteria	Chlorobi	Chlorobia	Chlorobiales	Chlorobiaceae	Chloroherpeton
Q5NH32	Bacteria	Proteobacteria	Gammaproteobacteria	Thiotrichales	Francisellaceae	Francisella
F6AFU2	Bacteria	Proteobacteria	Gammaproteobacteria	Pseudomonadales	Pseudomonadaceae	Pseudomonas
Q056W3	Bacteria	Proteobacteria	Gammaproteobacteria	Enterobacterales	Erwiniaceae	Buchnera
W0ES53	Bacteria	Bacteroidetes	Bacteroidia	Bacteroidales	Barnesiellaceae	Barnesiella
E3PRN8	Bacteria	Firmicutes	Clostridia	Clostridiales	Peptostreptococcaceae	Acetoanaerobium
Q126T3	Bacteria	Proteobacteria	Betaproteobacteria	Burkholderiales	Comamonadaceae	Polaromonas	unclassified Polaromonas
U5LF32	Bacteria	Firmicutes	Bacilli	Bacillales	Bacillaceae	Bacillus
A4FAI3	Bacteria	Actinobacteria	Pseudonocardiales	Pseudonocardiaceae	Saccharopolyspora
Q7UX93	Bacteria	Planctomycetes	Planctomycetia	Pirellulales	Pirellulaceae	Rhodopirellula
J7L8S9	Bacteria	Actinobacteria	Streptosporangiales	Nocardiopsaceae	Nocardiopsis
G8JWI5	Eukaryota	Fungi	Dikarya	Ascomycota	Saccharomycotina	Saccharomycetes	Saccharomycetales	Saccharomycetaceae	Eremothecium
X5DZZ3	Bacteria	Bacteroidetes	Bacteroidia	Marinilabiliales	Prolixibacteraceae	Draconibacterium
C1DAB3	Bacteria	Proteobacteria	Betaproteobacteria	Neisseriales	Chromobacteriaceae	Laribacter
A9FCP8	Bacteria	Proteobacteria	Deltaproteobacteria	Myxococcales	Sorangiineae	Polyangiaceae	Sorangium
C7Z2V6	Eukaryota	Fungi	Dikarya	Ascomycota	Pezizomycotina	Sordariomycetes	Hypocreomycetidae	Hypocreales	Nectriaceae	Fusarium	Fusarium solani species complex	Fusarium vanettenii
M2ZYS1	Eukaryota	Fungi	Dikarya	Ascomycota	Pezizomycotina	Dothideomycetes	Dothideomycetidae	Mycosphaerellales	Mycosphaerellaceae	Pseudocercospora
Q2RG93	Bacteria	Firmicutes	Clostridia	Thermoanaerobacterales	Thermoanaerobacteraceae	Moorella group	Moorella
B1L5C8	Archaea	Candidatus Korarchaeota	Candidatus Korarchaeum
R6LU16	Bacteria	Firmicutes	Clostridia	Clostridiales	Lachnospiraceae	Coprococcus	environmental samples
G0J4W3	Bacteria	Bacteroidetes	Cytophagia	Cytophagales	Cyclobacteriaceae	Cyclobacterium
T2G990	Bacteria	Proteobacteria	Deltaproteobacteria	Desulfovibrionales	Desulfovibrionaceae	Desulfovibrio
R7NMA3	Bacteria	Firmicutes	Clostridia	Clostridiales	Eubacteriaceae	Eubacterium	environmental samples
I4YG96	Eukaryota	Fungi	Dikarya	Basidiomycota	Wallemiomycotina	Wallemiomycetes	Wallemiales	Wallemiaceae	Wallemia
R6Q1Q1	Bacteria	Firmicutes	environmental samples
Q2YJ21	Bacteria	Proteobacteria	Alphaproteobacteria	Rhizobiales	Brucellaceae	Brucella
Q8DK13	Bacteria	Cyanobacteria	Synechococcales	Synechococcaceae	Thermosynechococcus
Q9KV69	Bacteria	Proteobacteria	Gammaproteobacteria	Vibrionales	Vibrionaceae	Vibrio
Q6D652	Bacteria	Proteobacteria	Gammaproteobacteria	Enterobacterales	Pectobacteriaceae	Pectobacterium
J9ZBS3	Bacteria	Nitrospirae	Nitrospirales	Nitrospiraceae	Leptospirillum
Q1GJQ7	Bacteria	Proteobacteria	Alphaproteobacteria	Rhodobacterales	Rhodobacteraceae	Ruegeria	unclassified Ruegeria
C7JG17	Bacteria	Proteobacteria	Alphaproteobacteria	Rhodospirillales	Acetobacteraceae	Acetobacter
A9IS39	Bacteria	Proteobacteria	Betaproteobacteria	Burkholderiales	Alcaligenaceae	Bordetella
W0IYL1	Bacteria	Verrucomicrobia	Opitutae	Opitutales	Opitutaceae
G2QC93	Eukaryota	Fungi	Dikarya	Ascomycota	Pezizomycotina	Sordariomycetes	Sordariomycetidae	Sordariales	Chaetomiaceae	Thermothelomyces
E1R5W9	Bacteria	Spirochaetes	Spirochaetales	Spirochaetaceae	Sediminispirochaeta
L0F5S9	Bacteria	Firmicutes	Clostridia	Clostridiales	Peptococcaceae	Desulfitobacterium
F7XKL0	Archaea	Euryarchaeota	Stenosarchaea group	Methanomicrobia	Methanosarcinales	Methanosarcinaceae	Methanosalsum
A0A0D2YKJ2	Eukaryota	Fungi	Dikarya	Ascomycota	Pezizomycotina	Sordariomycetes	Hypocreomycetidae	Hypocreales	Nectriaceae	Fusarium	Fusarium oxysporum species complex
A0LSR8	Bacteria	Actinobacteria	Acidothermales	Acidothermaceae	Acidothermus
D1CGJ3	Bacteria	Thermobaculum
C1F6Z8	Bacteria	Acidobacteria	Acidobacteriales	Acidobacteriaceae	Acidobacterium
R6GBS1	Bacteria	Firmicutes	Clostridia	Clostridiales	Lachnospiraceae	Blautia	environmental samples
M1PBF0	Bacteria	Proteobacteria	Deltaproteobacteria	Desulfobacterales	Desulfobulbaceae	Desulfocapsa
D5QCC0	Bacteria	Proteobacteria	Alphaproteobacteria	Rhodospirillales	Acetobacteraceae	Komagataeibacter
I2BA47	Bacteria	Proteobacteria	Gammaproteobacteria	Enterobacterales	Enterobacteriaceae	Shimwellia
Q24XT8	Bacteria	Firmicutes	Clostridia	Clostridiales	Peptococcaceae	Desulfitobacterium
H1YEU3	Bacteria	Bacteroidetes	Sphingobacteriia	Sphingobacteriales	Sphingobacteriaceae	Mucilaginibacter
Q0BQG1	Bacteria	Proteobacteria	Alphaproteobacteria	Rhodospirillales	Acetobacteraceae	Granulibacter
E8R3Z9	Bacteria	Planctomycetes	Planctomycetia	Isosphaerales	Isosphaeraceae	Isosphaera
C7M0G2	Bacteria	Actinobacteria	Acidimicrobiia	Acidimicrobiales	Acidimicrobiaceae	Acidimicrobium
B8DMM1	Bacteria	Proteobacteria	Deltaproteobacteria	Desulfovibrionales	Desulfovibrionaceae	Desulfovibrio
R5AG60	Bacteria	Firmicutes	environmental samples
I4C729	Bacteria	Proteobacteria	Deltaproteobacteria	Syntrophobacterales	Syntrophaceae	Desulfomonile
D3Q3T9	Bacteria	Actinobacteria	Glycomycetales	Glycomycetaceae	Stackebrandtia
W0PA44	Bacteria	Proteobacteria	Betaproteobacteria	Burkholderiales	Alcaligenaceae
G0AJS1	Bacteria	Proteobacteria	Betaproteobacteria	Burkholderiales	Oxalobacteraceae	Collimonas
D5CP00	Bacteria	Proteobacteria	Betaproteobacteria	Nitrosomonadales	Gallionellaceae	Sideroxydans
I1BMG3	Eukaryota	Fungi	Fungi incertae sedis	Mucoromycota	Mucoromycotina	Mucoromycetes	Mucorales	Mucorineae	Rhizopodaceae	Rhizopus
D3RUJ0	Bacteria	Proteobacteria	Gammaproteobacteria	Chromatiales	Chromatiaceae	Allochromatium
W8TJ59	Bacteria	Firmicutes	Clostridia	Clostridiales	Peptostreptococcaceae	Peptoclostridium
K1VGA6	Eukaryota	Fungi	Dikarya	Basidiomycota	Agaricomycotina	Tremellomycetes	Trichosporonales	Trichosporonaceae	Trichosporon
H5WPL3	Bacteria	Proteobacteria	Betaproteobacteria	Burkholderiales
Q11NN5	Bacteria	Bacteroidetes	Cytophagia	Cytophagales	Cytophagaceae	Cytophaga
Q92X47	Bacteria	Proteobacteria	Alphaproteobacteria	Rhizobiales	Rhizobiaceae	Sinorhizobium/Ensifer group	Sinorhizobium
I4BYA1	Bacteria	Synergistetes	Synergistia	Synergistales	Synergistaceae	Acetomicrobium
I1C5D1	Eukaryota	Fungi	Fungi incertae sedis	Mucoromycota	Mucoromycotina	Mucoromycetes	Mucorales	Mucorineae	Rhizopodaceae	Rhizopus
F7W0S9	Eukaryota	Fungi	Dikarya	Ascomycota	Pezizomycotina	Sordariomycetes	Sordariomycetidae	Sordariales	Sordariaceae	Sordaria
D7CV88	Bacteria	Deinococcus-Thermus	Deinococci	Trueperales	Trueperaceae	Truepera
A5FXD0	Bacteria	Proteobacteria	Alphaproteobacteria	Rhodospirillales	Acetobacteraceae	Acidiphilium
M3D1W2	Eukaryota	Fungi	Dikarya	Ascomycota	Pezizomycotina	Dothideomycetes	Dothideomycetidae	Mycosphaerellales	Mycosphaerellaceae	Sphaerulina
A9WF68	Bacteria	Chloroflexi	Chloroflexia	Chloroflexales	Chloroflexineae	Chloroflexaceae	Chloroflexus
C1MJD7	Eukaryota	Viridiplantae	Chlorophyta	Mamiellophyceae	Mamiellales	Mamiellaceae	Micromonas
A2SM15	Bacteria	Proteobacteria	Betaproteobacteria	Burkholderiales	Methylibium
C4L8I8	Bacteria	Proteobacteria	Gammaproteobacteria	Aeromonadales	Aeromonadaceae	Tolumonas
Q9Z3S0	Bacteria	Proteobacteria	Alphaproteobacteria	Rhizobiales	Rhizobiaceae	Sinorhizobium/Ensifer group	Sinorhizobium
W6S063	Bacteria	Firmicutes	Clostridia	Clostridiales	Clostridiaceae	Clostridium
Q0ALB7	Bacteria	Proteobacteria	Alphaproteobacteria	Maricaulales	Maricaulaceae	Maricaulis
K1VUQ3	Eukaryota	Fungi	Dikarya	Basidiomycota	Agaricomycotina	Tremellomycetes	Trichosporonales	Trichosporonaceae	Trichosporon
G4QNW1	Bacteria	Proteobacteria	Gammaproteobacteria	Alteromonadales	Alteromonadaceae	Glaciecola
R5KME0	Bacteria	Firmicutes	Clostridia	Clostridiales	Clostridiaceae	Clostridium	environmental samples
I6Y1B8	Bacteria	Actinobacteria	Propionibacteriales	Propionibacteriaceae	Arachnia
A9I4M4	Bacteria	Proteobacteria	Betaproteobacteria	Burkholderiales	Alcaligenaceae	Bordetella
A8I6L7	Bacteria	Proteobacteria	Alphaproteobacteria	Rhizobiales	Xanthobacteraceae	Azorhizobium
L0KBL9	Bacteria	Firmicutes	Clostridia	Halanaerobiales	Halobacteroidaceae	Halobacteroides
Q11AJ3	Bacteria	Proteobacteria	Alphaproteobacteria	Rhizobiales	Phyllobacteriaceae	Chelativorans	unclassified Chelativorans
M2RGH9	Eukaryota	Fungi	Dikarya	Basidiomycota	Agaricomycotina	Agaricomycetes	Polyporales	Gelatoporiaceae	Gelatoporia
D5ALT0	Bacteria	Proteobacteria	Alphaproteobacteria	Rhodobacterales	Rhodobacteraceae	Rhodobacter
E1V7S4	Bacteria	Proteobacteria	Gammaproteobacteria	Oceanospirillales	Halomonadaceae	Halomonas
Q87V83	Bacteria	Proteobacteria	Gammaproteobacteria	Pseudomonadales	Pseudomonadaceae	Pseudomonas
B2JQM0	Bacteria	Proteobacteria	Betaproteobacteria	Burkholderiales	Burkholderiaceae	Paraburkholderia
G0ECH7	Archaea	Crenarchaeota	Thermoprotei	Desulfurococcales	Pyrodictiaceae	Pyrolobus
G2TK81	Bacteria	Firmicutes	Bacilli	Bacillales	Bacillaceae	Bacillus
E4RVQ1	Bacteria	Bacteroidetes	Cytophagia	Cytophagales	Cytophagaceae	Leadbetterella
M1MTT6	Bacteria	Firmicutes	Clostridia	Clostridiales	Clostridiaceae	Clostridium
S8AR65	Eukaryota	Fungi	Dikarya	Ascomycota	Pezizomycotina	Eurotiomycetes	Eurotiomycetidae	Eurotiales	Aspergillaceae	Penicillium
A4X4A1	Bacteria	Actinobacteria	Micromonosporales	Micromonosporaceae	Salinispora
D4Z2T9	Bacteria	Proteobacteria	Alphaproteobacteria	Sphingomonadales	Sphingomonadaceae	Sphingobium
A0B6Y9	Archaea	Euryarchaeota	Stenosarchaea group	Methanomicrobia	Methanosarcinales	Methanotrichaceae	Methanothrix
C7R020	Bacteria	Actinobacteria	Micrococcales	Jonesiaceae	Jonesia
Q7P1R9	Bacteria	Proteobacteria	Betaproteobacteria	Neisseriales	Chromobacteriaceae	Chromobacterium
Q5SIY0	Bacteria	Deinococcus-Thermus	Deinococci	Thermales	Thermaceae	Thermus
A0QP89	Bacteria	Actinobacteria	Corynebacteriales	Mycobacteriaceae	Mycolicibacterium
A8LKN5	Bacteria	Proteobacteria	Alphaproteobacteria	Rhodobacterales	Rhodobacteraceae	Dinoroseobacter
T0N9F7	Archaea	Euryarchaeota	Diaforarchaea group	Thermoplasmata	Thermoplasmatales
A4J176	Bacteria	Firmicutes	Clostridia	Clostridiales	Peptococcaceae	Desulfotomaculum
A5G1D0	Bacteria	Proteobacteria	Alphaproteobacteria	Rhodospirillales	Acetobacteraceae	Acidiphilium
K4L3E9	Bacteria	Firmicutes	Clostridia	Clostridiales	Peptococcaceae	Dehalobacter	unclassified Dehalobacter
F6FQL2	Bacteria	Actinobacteria	Micrococcales	Promicromonosporaceae	Isoptericola
R6RYV3	Bacteria	Firmicutes	Clostridia	Clostridiales	Lachnospiraceae	Dorea	environmental samples
E1RGI5	Archaea	Euryarchaeota	Stenosarchaea group	Methanomicrobia	Methanomicrobiales	Methanomicrobiaceae	Methanolacinia
A1WTG1	Bacteria	Proteobacteria	Gammaproteobacteria	Chromatiales	Ectothiorhodospiraceae	Halorhodospira
Q4JUN3	Bacteria	Actinobacteria	Corynebacteriales	Corynebacteriaceae	Corynebacterium
Q4FM19	Bacteria	Proteobacteria	Alphaproteobacteria	Pelagibacterales	Pelagibacteraceae	Candidatus Pelagibacter
Q83GP9	Bacteria	Actinobacteria	Micrococcales	Tropheryma
E3GWZ3	Archaea	Euryarchaeota	Methanomada group	Methanobacteria	Methanobacteriales	Methanothermaceae	Methanothermus
K9R8R0	Bacteria	Cyanobacteria	Nostocales	Rivulariaceae	Rivularia	unclassified Rivularia (in: Bacteria)
Q8FMR1	Bacteria	Actinobacteria	Corynebacteriales	Corynebacteriaceae	Corynebacterium
C8W654	Bacteria	Firmicutes	Clostridia	Clostridiales	Peptococcaceae	Desulfofarcimen
S7ZB34	Eukaryota	Fungi	Dikarya	Ascomycota	Pezizomycotina	Eurotiomycetes	Eurotiomycetidae	Eurotiales	Aspergillaceae	Penicillium
D3UGY4	Bacteria	Proteobacteria	Epsilonproteobacteria	Campylobacterales	Helicobacteraceae	Helicobacter
A8L4V3	Bacteria	Actinobacteria	Frankiales	Frankiaceae	Frankia	unclassified Frankia
C5D2U9	Bacteria	Firmicutes	Bacilli	Bacillales	Bacillaceae	Geobacillus	unclassified Geobacillus
Q2YC67	Bacteria	Proteobacteria	Betaproteobacteria	Nitrosomonadales	Nitrosomonadaceae	Nitrosospira
K4KPB2	Bacteria	Proteobacteria	Gammaproteobacteria	Cellvibrionales	Cellvibrionaceae	Simiduia
W0K0R8	Archaea	Euryarchaeota	Stenosarchaea group	Halobacteria	Halobacteriales	Halobacteriaceae	Halobacterium
A0PYV9	Bacteria	Firmicutes	Clostridia	Clostridiales	Clostridiaceae	Clostridium
G7ZEV3	Bacteria	Proteobacteria	Alphaproteobacteria	Rhodospirillales	Rhodospirillaceae	Azospirillum
D1C8I8	Bacteria	Chloroflexi	Sphaerobacteridae	Sphaerobacterales	Sphaerobacterineae	Sphaerobacteraceae	Sphaerobacter
E1QDS5	Bacteria	Proteobacteria	Deltaproteobacteria	Desulfarculales	Desulfarculaceae	Desulfarculus
B2GLR9	Bacteria	Actinobacteria	Micrococcales	Micrococcaceae	Kocuria
Q7MAN4	Bacteria	Proteobacteria	Epsilonproteobacteria	Campylobacterales	Helicobacteraceae	Wolinella
G2IUK6	Bacteria	Proteobacteria	Betaproteobacteria	Neisseriales	Chromobacteriaceae	Pseudogulbenkiania	unclassified Pseudogulbenkiania
Q20Y83	Bacteria	Proteobacteria	Alphaproteobacteria	Rhizobiales	Bradyrhizobiaceae	Rhodopseudomonas
B8I0P5	Bacteria	Firmicutes	Clostridia	Clostridiales	Hungateiclostridiaceae	Ruminiclostridium
Q187Y2	Bacteria	Firmicutes	Clostridia	Clostridiales	Peptostreptococcaceae	Clostridioides
F4BZQ3	Archaea	Euryarchaeota	Stenosarchaea group	Methanomicrobia	Methanosarcinales	Methanotrichaceae	Methanothrix
H6C7Z9	Eukaryota	Fungi	Dikarya	Ascomycota	Pezizomycotina	Eurotiomycetes	Chaetothyriomycetidae	Chaetothyriales	Herpotrichiellaceae	Exophiala
Q92T72	Bacteria	Proteobacteria	Alphaproteobacteria	Rhizobiales	Rhizobiaceae	Sinorhizobium/Ensifer group	Sinorhizobium
D0J613	Bacteria	Proteobacteria	Betaproteobacteria	Burkholderiales	Comamonadaceae	Comamonas
B0N6G5	Bacteria	Firmicutes	Erysipelotrichia	Erysipelotrichales	Erysipelotrichaceae	Erysipelatoclostridium
E1QTM8	Archaea	Crenarchaeota	Thermoprotei	Thermoproteales	Thermoproteaceae	Vulcanisaeta
Q7VHW3	Bacteria	Proteobacteria	Epsilonproteobacteria	Campylobacterales	Helicobacteraceae	Helicobacter
M2YI06	Eukaryota	Fungi	Dikarya	Ascomycota	Pezizomycotina	Dothideomycetes	Dothideomycetidae	Mycosphaerellales	Mycosphaerellaceae	Pseudocercospora
A1SRU7	Bacteria	Proteobacteria	Gammaproteobacteria	Alteromonadales	Psychromonadaceae	Psychromonas
G7WN80	Archaea	Euryarchaeota	Stenosarchaea group	Methanomicrobia	Methanosarcinales	Methanotrichaceae	Methanothrix
Q6KZ30	Archaea	Euryarchaeota	Diaforarchaea group	Thermoplasmata	Thermoplasmatales	Picrophilaceae	Picrophilus
F2KNG0	Archaea	Euryarchaeota	Archaeoglobi	Archaeoglobales	Archaeoglobaceae	Archaeoglobus
H1Y532	Bacteria	Bacteroidetes	Sphingobacteriia	Sphingobacteriales	Sphingobacteriaceae	Mucilaginibacter
S6ASV1	Bacteria	Proteobacteria	Gammaproteobacteria	Pseudomonadales	Pseudomonadaceae	Pseudomonas
Q5ZYF4	Bacteria	Proteobacteria	Gammaproteobacteria	Legionellales	Legionellaceae	Legionella
Q02139	Bacteria	Firmicutes	Bacilli	Lactobacillales	Streptococcaceae	Lactococcus
R5VH98	Bacteria	Firmicutes	Clostridia	Clostridiales	Ruminococcaceae	Ruminococcus	environmental samples
B0TCQ7	Bacteria	Firmicutes	Clostridia	Clostridiales	Heliobacteriaceae	Heliobacterium
R5FRL6	Bacteria	Bacteroidetes	Bacteroidia	Bacteroidales	Prevotellaceae	Prevotella	environmental samples
D8PIK5	Bacteria	Nitrospirae	Nitrospirales	Nitrospiraceae	Nitrospira
Q1GWQ7	Bacteria	Proteobacteria	Alphaproteobacteria	Sphingomonadales	Sphingomonadaceae	Sphingopyxis
K7SKD2	Bacteria	Proteobacteria	Gammaproteobacteria	Enterobacterales	Pectobacteriaceae	Sodalis
A1TTL8	Bacteria	Proteobacteria	Betaproteobacteria	Burkholderiales	Comamonadaceae	Acidovorax
F0SDB1	Bacteria	Bacteroidetes	Sphingobacteriia	Sphingobacteriales	Sphingobacteriaceae	Pseudopedobacter
A9KL28	Bacteria	Firmicutes	Clostridia	Clostridiales	Lachnospiraceae
R6SH35	Bacteria	Firmicutes	Clostridia	Clostridiales	Clostridiaceae	Clostridium	environmental samples
B8J3J6	Bacteria	Proteobacteria	Deltaproteobacteria	Desulfovibrionales	Desulfovibrionaceae	Desulfovibrio
A8EWJ4	Bacteria	Proteobacteria	Epsilonproteobacteria	Campylobacterales	Campylobacteraceae	Arcobacter group	Arcobacter
G3YB96	Eukaryota	Fungi	Dikarya	Ascomycota	Pezizomycotina	Eurotiomycetes	Eurotiomycetidae	Eurotiales	Aspergillaceae	Aspergillus	Aspergillus subgen. Circumdati
C9RAW5	Bacteria	Firmicutes	Clostridia	Thermoanaerobacterales	Thermoanaerobacteraceae	Moorella group	Ammonifex
Q9JS61	Bacteria	Proteobacteria	Betaproteobacteria	Neisseriales	Neisseriaceae	Neisseria
C0ZHY0	Bacteria	Firmicutes	Bacilli	Bacillales	Paenibacillaceae	Brevibacillus
R7DIS6	Bacteria	Bacteroidetes	Bacteroidia	Bacteroidales	Tannerellaceae	Tannerella	environmental samples
U5MKI6	Bacteria	Firmicutes	Clostridia	Clostridiales	Clostridiaceae	Clostridium
A5FVQ8	Bacteria	Proteobacteria	Alphaproteobacteria	Rhodospirillales	Acetobacteraceae	Acidiphilium
E8U7W5	Bacteria	Deinococcus-Thermus	Deinococci	Deinococcales	Deinococcaceae	Deinococcus
Q1GTW7	Bacteria	Proteobacteria	Alphaproteobacteria	Sphingomonadales	Sphingomonadaceae	Sphingopyxis
G9NRP7	Eukaryota	Fungi	Dikarya	Ascomycota	Pezizomycotina	Sordariomycetes	Hypocreomycetidae	Hypocreales	Hypocreaceae	Trichoderma
A0LRZ7	Bacteria	Actinobacteria	Acidothermales	Acidothermaceae	Acidothermus
Q2UIB0	Eukaryota	Fungi	Dikarya	Ascomycota	Pezizomycotina	Eurotiomycetes	Eurotiomycetidae	Eurotiales	Aspergillaceae	Aspergillus	Aspergillus subgen. Circumdati
Q606D6	Bacteria	Proteobacteria	Gammaproteobacteria	Methylococcales	Methylococcaceae	Methylococcus
D8Q0B6	Eukaryota	Fungi	Dikarya	Basidiomycota	Agaricomycotina	Agaricomycetes	Agaricomycetidae	Agaricales	Schizophyllaceae	Schizophyllum
G8AQG4	Bacteria	Proteobacteria	Alphaproteobacteria	Rhodospirillales	Rhodospirillaceae	Azospirillum
U5QLP7	Bacteria	Cyanobacteria	Gloeobacteria	Gloeobacterales	Gloeobacteraceae	Gloeobacter
Q87KB6	Bacteria	Proteobacteria	Gammaproteobacteria	Vibrionales	Vibrionaceae	Vibrio
F0RJQ7	Bacteria	Deinococcus-Thermus	Deinococci	Deinococcales	Deinococcaceae	Deinococcus
Q9PJ98	Bacteria	Proteobacteria	Epsilonproteobacteria	Campylobacterales	Campylobacteraceae	Campylobacter
S0EY42	Bacteria	Armatimonadetes	Chthonomonadetes	Chthonomonadales	Chthonomonadaceae	Chthonomonas
B1M8V8	Bacteria	Proteobacteria	Alphaproteobacteria	Rhizobiales	Methylobacteriaceae	Methylobacterium
D9QNE6	Bacteria	Proteobacteria	Alphaproteobacteria	Caulobacterales	Caulobacteraceae	Brevundimonas
Q2LXP6	Bacteria	Proteobacteria	Deltaproteobacteria	Syntrophobacterales	Syntrophaceae	Syntrophus
E6U661	Bacteria	Firmicutes	Clostridia	Clostridiales	Ruminococcaceae	Ethanoligenens
Q0ABL5	Bacteria	Proteobacteria	Gammaproteobacteria	Chromatiales	Ectothiorhodospiraceae	Alkalilimnicola
A1WRG5	Bacteria	Proteobacteria	Betaproteobacteria	Burkholderiales	Comamonadaceae	Verminephrobacter
U7PR65	Eukaryota	Fungi	Dikarya	Ascomycota	Pezizomycotina	Sordariomycetes	Sordariomycetidae	Ophiostomatales	Ophiostomataceae	Sporothrix
D3UIV6	Bacteria	Proteobacteria	Epsilonproteobacteria	Campylobacterales	Helicobacteraceae	Helicobacter
Q221U5	Bacteria	Proteobacteria	Betaproteobacteria	Burkholderiales	Comamonadaceae	Rhodoferax
R6RM38	Bacteria	Firmicutes	environmental samples
C6WXI2	Bacteria	Proteobacteria	Betaproteobacteria	Nitrosomonadales	Methylophilaceae	Methylotenera
F5YB39	Bacteria	Spirochaetes	Spirochaetales	Spirochaetaceae	Treponema
X2HAQ8	Bacteria	Proteobacteria	Betaproteobacteria	Neisseriales	Neisseriaceae	Snodgrassella
B4U6Z8	Bacteria	Aquificae	Aquificales	Aquificaceae	Hydrogenobaculum	unclassified Hydrogenobaculum
F6DN65	Bacteria	Firmicutes	Clostridia	Clostridiales	Peptococcaceae	Desulfotomaculum
J9Z1E6	Bacteria	Proteobacteria	Alphaproteobacteria	Pelagibacterales	Pelagibacteraceae
G4SWZ7	Bacteria	Proteobacteria	Gammaproteobacteria	Methylococcales	Methylococcaceae	Methylomicrobium
D8K044	Bacteria	Chloroflexi	Dehalococcoidia	Dehalogenimonas
E6SHZ9	Bacteria	Firmicutes	Clostridia	Clostridiales	Clostridiales Family XVII. Incertae Sedis	Thermaerobacter
G7ZHK6	Bacteria	Proteobacteria	Alphaproteobacteria	Rhodospirillales	Rhodospirillaceae	Azospirillum
A9CFW0	Bacteria	Proteobacteria	Alphaproteobacteria	Rhizobiales	Rhizobiaceae	Rhizobium/Agrobacterium group	Agrobacterium	Agrobacterium tumefaciens complex
C6XI44	Bacteria	Proteobacteria	Alphaproteobacteria	Hyphomonadales	Hyphomonadaceae	Hirschia
A0Q0E8	Bacteria	Firmicutes	Clostridia	Clostridiales	Clostridiaceae	Clostridium
I0JQ98	Bacteria	Firmicutes	Bacilli	Bacillales	Bacillaceae	Halobacillus
A8QAI2	Eukaryota	Fungi	Dikarya	Basidiomycota	Ustilaginomycotina	Malasseziomycetes	Malasseziales	Malasseziaceae	Malassezia
Q63WB9	Bacteria	Proteobacteria	Betaproteobacteria	Burkholderiales	Burkholderiaceae	Burkholderia	pseudomallei group
A9IQ59	Bacteria	Proteobacteria	Betaproteobacteria	Burkholderiales	Alcaligenaceae	Bordetella
W0LCA8	Bacteria	Proteobacteria	Gammaproteobacteria	Enterobacterales	Yersiniaceae	Chania
A6X7S2	Bacteria	Proteobacteria	Alphaproteobacteria	Rhizobiales	Brucellaceae	Ochrobactrum
Q3ID04	Bacteria	Proteobacteria	Gammaproteobacteria	Alteromonadales	Pseudoalteromonadaceae	Pseudoalteromonas
Q5WEM9	Bacteria	Firmicutes	Bacilli	Bacillales	Bacillaceae	Alkalihalobacillus
F0XET3	Eukaryota	Fungi	Dikarya	Ascomycota	Pezizomycotina	Sordariomycetes	Sordariomycetidae	Ophiostomatales	Ophiostomataceae	Grosmannia
R5I8X5	Bacteria	Bacteroidetes	Bacteroidia	Bacteroidales	Tannerellaceae	Tannerella	environmental samples
G0GB27	Bacteria	Spirochaetes	Spirochaetales	Spirochaetaceae	Spirochaeta
D5WWQ9	Bacteria	Firmicutes	Bacilli	Bacillales	Alicyclobacillaceae	Kyrpidia
A5UY13	Bacteria	Chloroflexi	Chloroflexia	Chloroflexales	Roseiflexineae	Roseiflexaceae	Roseiflexus
K9WE69	Bacteria	Cyanobacteria	Oscillatoriophycideae	Oscillatoriales	Microcoleaceae	Microcoleus	unclassified Microcoleus
G2X0S9	Eukaryota	Fungi	Dikarya	Ascomycota	Pezizomycotina	Sordariomycetes	Hypocreomycetidae	Glomerellales	Plectosphaerellaceae	Verticillium
B0SRC4	Bacteria	Spirochaetes	Leptospirales	Leptospiraceae	Leptospira
D2RN61	Bacteria	Firmicutes	Negativicutes	Acidaminococcales	Acidaminococcaceae	Acidaminococcus
V6EYB5	Bacteria	Proteobacteria	Alphaproteobacteria	Rhodospirillales	Rhodospirillaceae	Magnetospirillum
E3GEA5	Bacteria	Firmicutes	Clostridia	Clostridiales	Eubacteriaceae	Eubacterium
E4TQ82	Bacteria	Bacteroidetes	Cytophagia	Cytophagales	Marivirgaceae	Marivirga
A1W7K0	Bacteria	Proteobacteria	Betaproteobacteria	Burkholderiales	Comamonadaceae	Acidovorax	unclassified Acidovorax
I0H4S5	Bacteria	Actinobacteria	Micromonosporales	Micromonosporaceae	Actinoplanes
M4U8I9	Bacteria	Proteobacteria	Gammaproteobacteria	Alteromonadales	Psychromonadaceae	Psychromonas
A0A015IAM2	Eukaryota	Fungi	Fungi incertae sedis	Mucoromycota	Glomeromycotina	Glomeromycetes	Glomerales	Glomeraceae	Rhizophagus
Q6N9S5	Bacteria	Proteobacteria	Alphaproteobacteria	Rhizobiales	Bradyrhizobiaceae	Rhodopseudomonas
Q1ILZ0	Bacteria	Acidobacteria	Acidobacteriales	Acidobacteriaceae	Candidatus Koribacter
Q5FN26	Bacteria	Proteobacteria	Alphaproteobacteria	Rhodospirillales	Acetobacteraceae	Gluconobacter
D8J1J6	Bacteria	Proteobacteria	Betaproteobacteria	Burkholderiales	Oxalobacteraceae	Herbaspirillum
C7NBU6	Bacteria	Fusobacteria	Fusobacteriales	Leptotrichiaceae	Leptotrichia
G0S3G1	Eukaryota	Fungi	Dikarya	Ascomycota	Pezizomycotina	Sordariomycetes	Sordariomycetidae	Sordariales	Chaetomiaceae	Chaetomium
I5B6Z6	Bacteria	Proteobacteria	Deltaproteobacteria	Desulfobacterales	Desulfobacteraceae	Desulfobacter
I3TQ70	Bacteria	Proteobacteria	Alphaproteobacteria	Rhodospirillales	Rhodospirillaceae	Tistrella
Q4J860	Archaea	Crenarchaeota	Thermoprotei	Sulfolobales	Sulfolobaceae	Sulfolobus
G7V5Y5	Bacteria	Synergistetes	Synergistia	Synergistales	Synergistaceae	Thermovirga
Q8RDJ9	Bacteria	Firmicutes	Clostridia	Thermoanaerobacterales	Thermoanaerobacteraceae	Caldanaerobacter
S6AAM5	Bacteria	Proteobacteria	Betaproteobacteria	Nitrosomonadales	Sulfuricellaceae	Sulfuricella
C8XJJ5	Bacteria	Actinobacteria	Nakamurellales	Nakamurellaceae	Nakamurella
A7HXI4	Bacteria	Proteobacteria	Alphaproteobacteria	Rhizobiales	Rhodobiaceae	Parvibaculum
K2S895	Eukaryota	Fungi	Dikarya	Ascomycota	Pezizomycotina	Dothideomycetes	Dothideomycetes incertae sedis	Botryosphaeriales	Botryosphaeriaceae	Macrophomina
Q9YG88	Archaea	Crenarchaeota	Thermoprotei	Desulfurococcales	Desulfurococcaceae	Aeropyrum
Q67KX6	Bacteria	Firmicutes	Clostridia	Clostridiales	Symbiobacteriaceae	Symbiobacterium
G0LAY2	Bacteria	Bacteroidetes	Flavobacteriia	Flavobacteriales	Flavobacteriaceae	Zobellia
A0A373ZZ83	Bacteria	Bacteroidetes	Bacteroidia	Bacteroidales	Rikenellaceae	Alistipes
Q2NDP1	Bacteria	Proteobacteria	Alphaproteobacteria	Sphingomonadales	Erythrobacteraceae	Erythrobacter/Porphyrobacter group	Erythrobacter
H0PST0	Bacteria	Proteobacteria	Betaproteobacteria	Rhodocyclales	Zoogloeaceae	Azoarcus	unclassified Azoarcus
A6W9A6	Bacteria	Actinobacteria	Kineosporiales	Kineosporiaceae	Kineococcus
R6WGU1	Bacteria	Firmicutes	Clostridia	Clostridiales	Lachnospiraceae	Dorea	environmental samples
F9YSY1	Bacteria	Bacteroidetes	Flavobacteriia	Flavobacteriales	Flavobacteriaceae	Capnocytophaga
R6PUF0	Bacteria	Firmicutes	environmental samples
Q28TQ8	Bacteria	Proteobacteria	Alphaproteobacteria	Rhodobacterales	Rhodobacteraceae	Jannaschia	unclassified Jannaschia
R7IF76	Bacteria	Firmicutes	Clostridia	Clostridiales	Ruminococcaceae	Faecalibacterium	environmental samples
K0CL01	Bacteria	Proteobacteria	Gammaproteobacteria	Oceanospirillales	Alcanivoracaceae	Alcanivorax
Q165D8	Bacteria	Proteobacteria	Alphaproteobacteria	Rhodobacterales	Rhodobacteraceae	Roseobacter
F8C201	Bacteria	Thermodesulfobacteria	Thermodesulfobacteriales	Thermodesulfobacteriaceae	Thermodesulfobacterium
D5UP67	Bacteria	Actinobacteria	Corynebacteriales	Tsukamurellaceae	Tsukamurella
M2TPG8	Eukaryota	Fungi	Dikarya	Ascomycota	Pezizomycotina	Dothideomycetes	Pleosporomycetidae	Pleosporales	Pleosporineae	Pleosporaceae	Bipolaris
J7L8B0	Bacteria	Actinobacteria	Streptosporangiales	Nocardiopsaceae	Nocardiopsis
M5DTJ6	Bacteria	Proteobacteria	Gammaproteobacteria	Oceanospirillales	Oceanospirillaceae	Thalassolituus
A0A0D1DZJ4	Eukaryota	Fungi	Dikarya	Basidiomycota	Ustilaginomycotina	Ustilaginomycetes	Ustilaginales	Ustilaginaceae	Ustilago
A9AZM8	Bacteria	Chloroflexi	Chloroflexia	Herpetosiphonales	Herpetosiphonaceae	Herpetosiphon
G4R7W9	Bacteria	Proteobacteria	Alphaproteobacteria	Rhizobiales	Hyphomicrobiaceae	Pelagibacterium
R5MLB6	Bacteria	Firmicutes	Clostridia	Clostridiales	Eubacteriaceae	Eubacterium	environmental samples
R7XV11	Bacteria	Actinobacteria	Propionibacteriales	Nocardioidaceae	Nocardioides
W8X2Z8	Bacteria	Proteobacteria	Betaproteobacteria	Burkholderiales	Alcaligenaceae	Castellaniella
Q120R4	Bacteria	Proteobacteria	Betaproteobacteria	Burkholderiales	Comamonadaceae	Polaromonas	unclassified Polaromonas
A9FX88	Bacteria	Proteobacteria	Deltaproteobacteria	Myxococcales	Sorangiineae	Polyangiaceae	Sorangium
E8RL02	Bacteria	Proteobacteria	Alphaproteobacteria	Caulobacterales	Caulobacteraceae	Asticcacaulis
D2PZQ7	Bacteria	Actinobacteria	Propionibacteriales	Nocardioidaceae	Kribbella
D3FV39	Bacteria	Firmicutes	Bacilli	Bacillales	Bacillaceae	Alkalihalobacillus
E8RKN8	Bacteria	Proteobacteria	Alphaproteobacteria	Caulobacterales	Caulobacteraceae	Asticcacaulis
S8EJI8	Eukaryota	Fungi	Dikarya	Basidiomycota	Agaricomycotina	Agaricomycetes	Polyporales	Fomitopsis
Q8DRT7	Bacteria	Firmicutes	Bacilli	Lactobacillales	Streptococcaceae	Streptococcus
R5RYU8	Bacteria	Firmicutes	environmental samples
H1XQF7	Bacteria	Calditrichaeota	Calditrichae	Calditrichales	Calditrichaceae	Caldithrix
Q3AER0	Bacteria	Firmicutes	Clostridia	Thermoanaerobacterales	Thermoanaerobacteraceae	Carboxydothermus
G9MTG1	Eukaryota	Fungi	Dikarya	Ascomycota	Pezizomycotina	Sordariomycetes	Hypocreomycetidae	Hypocreales	Hypocreaceae	Trichoderma
Q6M0F3	Archaea	Euryarchaeota	Methanomada group	Methanococci	Methanococcales	Methanococcaceae	Methanococcus
L0IC94	Archaea	Euryarchaeota	Stenosarchaea group	Halobacteria	Natrialbales	Natrialbaceae	Halovivax
Q0KCF2	Bacteria	Proteobacteria	Betaproteobacteria	Burkholderiales	Burkholderiaceae	Cupriavidus
S6BDN1	Bacteria	Proteobacteria	Gammaproteobacteria
X5A6P4	Bacteria	Firmicutes	Bacilli	Bacillales	Paenibacillaceae	Paenibacillus
Q5LP20	Bacteria	Proteobacteria	Alphaproteobacteria	Rhodobacterales	Rhodobacteraceae	Ruegeria
D6Y4R4	Bacteria	Actinobacteria	Actinobacteria incertae sedis	Thermobispora
I6ZNB6	Bacteria	Ignavibacteriae	Ignavibacteria	Ignavibacteriales	Melioribacteraceae	Melioribacter
Q16CB0	Bacteria	Proteobacteria	Alphaproteobacteria	Rhodobacterales	Rhodobacteraceae	Roseobacter
B8ICA7	Bacteria	Proteobacteria	Alphaproteobacteria	Rhizobiales	Methylobacteriaceae	Methylobacterium
A9A271	Archaea	Thaumarchaeota	Nitrosopumilales	Nitrosopumilaceae	Nitrosopumilus
G0A8P6	Bacteria	Proteobacteria	Betaproteobacteria	Burkholderiales	Oxalobacteraceae	Collimonas
R9SIM7	Archaea	Euryarchaeota	Methanomada group	Methanobacteria	Methanobacteriales	Methanobacteriaceae	Methanobrevibacter	unclassified Methanobrevibacter
G4NC51	Eukaryota	Fungi	Dikarya	Ascomycota	Pezizomycotina	Sordariomycetes	Sordariomycetidae	Magnaporthales	Pyriculariaceae	Pyricularia
R4W9U1	Archaea	Euryarchaeota	Stenosarchaea group	Halobacteria	Natrialbales	Natrialbaceae	Salinarchaeum	unclassified Salinarchaeum
G8NXL7	Bacteria	Acidobacteria	Acidobacteriales	Acidobacteriaceae	Granulicella
F7V5X4	Bacteria	Firmicutes	Clostridia	Clostridiales	Clostridiaceae	Clostridium
A5HYI4	Bacteria	Firmicutes	Clostridia	Clostridiales	Clostridiaceae	Clostridium
A9V147	Eukaryota	Choanoflagellata	Craspedida	Salpingoecidae	Monosiga
Q3IJH1	Bacteria	Proteobacteria	Gammaproteobacteria	Alteromonadales	Pseudoalteromonadaceae	Pseudoalteromonas
A9CHF7	Bacteria	Proteobacteria	Alphaproteobacteria	Rhizobiales	Rhizobiaceae	Rhizobium/Agrobacterium group	Agrobacterium	Agrobacterium tumefaciens complex
F4CD88	Bacteria	Bacteroidetes	Sphingobacteriia	Sphingobacteriales	Sphingobacteriaceae	Sphingobacterium
W5VZ66	Bacteria	Actinobacteria	Pseudonocardiales	Pseudonocardiaceae	Kutzneria
B1I250	Bacteria	Firmicutes	Clostridia	Clostridiales	Peptococcaceae	Candidatus Desulforudis
F2U673	Eukaryota	Choanoflagellata	Craspedida	Salpingoecidae	Salpingoeca
V5WGD7	Bacteria	Spirochaetes	Spirochaetales	Spirochaetaceae	Salinispira
C6W3R6	Bacteria	Bacteroidetes	Cytophagia	Cytophagales	Cytophagaceae	Dyadobacter
E4NPG8	Archaea	Euryarchaeota	Stenosarchaea group	Halobacteria	Haloferacales	Haloferacaceae	Halogeometricum
C4QYI7	Eukaryota	Fungi	Dikarya	Ascomycota	Saccharomycotina	Saccharomycetes	Saccharomycetales	Phaffomycetaceae	Komagataella
R7HNS0	Bacteria	Bacteroidetes	Bacteroidia	Bacteroidales	Prevotellaceae	Prevotella	environmental samples
D3ED39	Bacteria	Firmicutes	Bacilli	Bacillales	Paenibacillaceae	Paenibacillus
B8FFW7	Bacteria	Proteobacteria	Deltaproteobacteria	Desulfobacterales	Desulfobacteraceae	Desulfatibacillum
Q8U297	Archaea	Euryarchaeota	Thermococci	Thermococcales	Thermococcaceae	Pyrococcus
R6U4N6	Bacteria	Firmicutes	Clostridia	Clostridiales	Clostridiaceae	Clostridium	environmental samples
A1A0T7	Bacteria	Actinobacteria	Bifidobacteriales	Bifidobacteriaceae	Bifidobacterium
G0J6R9	Bacteria	Bacteroidetes	Cytophagia	Cytophagales	Cyclobacteriaceae	Cyclobacterium
E8RRT1	Bacteria	Proteobacteria	Alphaproteobacteria	Caulobacterales	Caulobacteraceae	Asticcacaulis
D9QPD6	Bacteria	Proteobacteria	Alphaproteobacteria	Caulobacterales	Caulobacteraceae	Brevundimonas
F9X2Y9	Eukaryota	Fungi	Dikarya	Ascomycota	Pezizomycotina	Dothideomycetes	Dothideomycetidae	Mycosphaerellales	Mycosphaerellaceae	Zymoseptoria
W8KXL7	Bacteria	Proteobacteria	Gammaproteobacteria	Chromatiales	Ectothiorhodospiraceae	Ectothiorhodospira
D5BQV5	Bacteria	Proteobacteria	Alphaproteobacteria	SAR116 cluster	Candidatus Puniceispirillum
A0A068NJC3	Bacteria	Armatimonadetes	Fimbriimonadia	Fimbriimonadales	Fimbriimonadaceae	Fimbriimonas
B2JNG1	Bacteria	Proteobacteria	Betaproteobacteria	Burkholderiales	Burkholderiaceae	Paraburkholderia
W0A380	Bacteria	Proteobacteria	Alphaproteobacteria	Sphingomonadales	Sphingomonadaceae	Sphingomonas
B4RAR3	Bacteria	Proteobacteria	Alphaproteobacteria	Caulobacterales	Caulobacteraceae	Phenylobacterium
V4IS17	Bacteria	Proteobacteria	Deltaproteobacteria	Desulfobacterales	Desulfobulbaceae	Desulfofustis	unclassified Desulfofustis
H9ULL9	Bacteria	Spirochaetes	Spirochaetales	Spirochaetaceae	Spirochaeta
Q8FPX6	Bacteria	Actinobacteria	Corynebacteriales	Corynebacteriaceae	Corynebacterium
E6WSY1	Bacteria	Proteobacteria	Gammaproteobacteria	Xanthomonadales	Xanthomonadaceae	Pseudoxanthomonas
F4GSH7	Bacteria	Proteobacteria	Betaproteobacteria	Burkholderiales	Alcaligenaceae	Pusillimonas	unclassified Pusillimonas
Q6F6Q0	Bacteria	Proteobacteria	Gammaproteobacteria	Pseudomonadales	Moraxellaceae	Acinetobacter
W0F176	Bacteria	Bacteroidetes	Chitinophagia	Chitinophagales	Chitinophagaceae	Niabella
U7PSU1	Eukaryota	Fungi	Dikarya	Ascomycota	Pezizomycotina	Sordariomycetes	Sordariomycetidae	Ophiostomatales	Ophiostomataceae	Sporothrix
G2Y5J2	Eukaryota	Fungi	Dikarya	Ascomycota	Pezizomycotina	Leotiomycetes	Helotiales	Sclerotiniaceae	Botrytis
I4A1A4	Bacteria	Bacteroidetes	Flavobacteriia	Flavobacteriales	Weeksellaceae	Ornithobacterium
R6YHP1	Bacteria	Firmicutes	environmental samples
Q7VRL8	Bacteria	Proteobacteria	Gammaproteobacteria	Enterobacterales	Enterobacteriaceae	ant endosymbionts	Candidatus Blochmannia
Q11EY2	Bacteria	Proteobacteria	Alphaproteobacteria	Rhizobiales	Phyllobacteriaceae	Chelativorans	unclassified Chelativorans
B2UR52	Bacteria	Verrucomicrobia	Verrucomicrobiae	Verrucomicrobiales	Akkermansiaceae	Akkermansia
Q13SI7	Bacteria	Proteobacteria	Betaproteobacteria	Burkholderiales	Burkholderiaceae	Paraburkholderia
Q0W7D3	Archaea	Euryarchaeota	Stenosarchaea group	Methanomicrobia	Methanocellales	Methanocellaceae	Methanocella
A8ZTQ7	Bacteria	Proteobacteria	Deltaproteobacteria	Desulfobacterales	Desulfobacteraceae	Desulfococcus
F0P2Q7	Bacteria	Bacteroidetes	Flavobacteriia	Flavobacteriales	Weeksellaceae	Weeksella
C4LDS1	Bacteria	Proteobacteria	Gammaproteobacteria	Aeromonadales	Aeromonadaceae	Tolumonas
E4RLE0	Bacteria	Firmicutes	Clostridia	Halanaerobiales	Halanaerobiaceae	Halanaerobium
Q89RE6	Bacteria	Proteobacteria	Alphaproteobacteria	Rhizobiales	Bradyrhizobiaceae	Bradyrhizobium
C5BMB1	Bacteria	Proteobacteria	Gammaproteobacteria	Cellvibrionales	Cellvibrionaceae	Teredinibacter
I4AIR2	Bacteria	Bacteroidetes	Cytophagia	Cytophagales	Bernardetiaceae	Bernardetia
F8PV32	Eukaryota	Fungi	Dikarya	Basidiomycota	Agaricomycotina	Agaricomycetes	Agaricomycetidae	Boletales	Coniophorineae	Serpulaceae	Serpula
W0PEH0	Bacteria	Proteobacteria	Betaproteobacteria	Burkholderiales	Alcaligenaceae
Q60CU6	Bacteria	Proteobacteria	Gammaproteobacteria	Methylococcales	Methylococcaceae	Methylococcus
I4BYQ8	Bacteria	Synergistetes	Synergistia	Synergistales	Synergistaceae	Acetomicrobium
Q3J9N3	Bacteria	Proteobacteria	Gammaproteobacteria	Chromatiales	Chromatiaceae	Nitrosococcus
F6ICJ7	Bacteria	Proteobacteria	Alphaproteobacteria	Sphingomonadales	Sphingomonadaceae	Novosphingobium	unclassified Novosphingobium
E6WRJ3	Bacteria	Proteobacteria	Gammaproteobacteria	Xanthomonadales	Xanthomonadaceae	Pseudoxanthomonas
C7MDP4	Bacteria	Actinobacteria	Micrococcales	Dermabacteraceae	Brachybacterium
E8WXU1	Bacteria	Acidobacteria	Acidobacteriales	Acidobacteriaceae	Granulicella
F8E449	Bacteria	Deferribacteres	Deferribacterales	Deferribacteraceae	Flexistipes
C4LJI1	
C6WAA8	Bacteria	Actinobacteria	Pseudonocardiales	Pseudonocardiaceae	Actinosynnema
R5QCU3	Bacteria	Firmicutes	Erysipelotrichia	Erysipelotrichales	Erysipelotrichaceae	Coprobacillus	environmental samples
U5N8I4	Bacteria	Proteobacteria	Betaproteobacteria	Burkholderiales	Comamonadaceae
D2BEV1	Bacteria	Actinobacteria	Streptosporangiales	Streptosporangiaceae	Streptosporangium
D3E0Z5	Archaea	Euryarchaeota	Methanomada group	Methanobacteria	Methanobacteriales	Methanobacteriaceae	Methanobrevibacter
C7Q7A5	Bacteria	Actinobacteria	Catenulisporales	Catenulisporaceae	Catenulispora
A4SWN4	Bacteria	Proteobacteria	Betaproteobacteria	Burkholderiales	Burkholderiaceae	Polynucleobacter
A0A3Q7J9S1	Eukaryota	Viridiplantae	Streptophyta	Embryophyta	Tracheophyta	Spermatophyta	Magnoliopsida	eudicotyledons	Gunneridae	Pentapetalae	asterids	lamiids	Solanales	Solanaceae	Solanoideae	Solaneae	Solanum	Solanum subgen. Lycopersicon
W0PDB3	Bacteria	Proteobacteria	Betaproteobacteria	Burkholderiales	Alcaligenaceae
E1STQ3	Bacteria	Proteobacteria	Gammaproteobacteria	Alteromonadales	Ferrimonadaceae	Ferrimonas
E4TGI8	Bacteria	Deferribacteres	Deferribacterales	Deferribacteraceae
B8CX17	Bacteria	Firmicutes	Clostridia	Halanaerobiales	Halanaerobiaceae	Halothermothrix
G4Q6L8	Bacteria	Firmicutes	Negativicutes	Acidaminococcales	Acidaminococcaceae	Acidaminococcus
P31961	Bacteria	Proteobacteria	Gammaproteobacteria	Pseudomonadales	Pseudomonadaceae	Pseudomonas
Q5KEP2	Eukaryota	Fungi	Dikarya	Basidiomycota	Agaricomycotina	Tremellomycetes	Tremellales	Cryptococcaceae	Cryptococcus	Cryptococcus neoformans species complex
A1W4Y2	Bacteria	Proteobacteria	Betaproteobacteria	Burkholderiales	Comamonadaceae	Acidovorax	unclassified Acidovorax
E8UXL6	Bacteria	Acidobacteria	Acidobacteriales	Acidobacteriaceae	Terriglobus
F8A7X6	Bacteria	Thermodesulfobacteria	Thermodesulfobacteriales	Thermodesulfobacteriaceae	Thermodesulfatator
R6Y1D3	Bacteria	Firmicutes	environmental samples
B6QIE5	Eukaryota	Fungi	Dikarya	Ascomycota	Pezizomycotina	Eurotiomycetes	Eurotiomycetidae	Eurotiales	Trichocomaceae	Talaromyces	Talaromyces sect. Talaromyces
A6TTZ2	Bacteria	Firmicutes	Clostridia	Clostridiales	Clostridiaceae	Alkaliphilus
I0HUU9	Bacteria	Proteobacteria	Betaproteobacteria	Burkholderiales	Rubrivivax
Q5LN98	Bacteria	Proteobacteria	Alphaproteobacteria	Rhodobacterales	Rhodobacteraceae	Ruegeria
Q5LKP9	Bacteria	Proteobacteria	Alphaproteobacteria	Rhodobacterales	Rhodobacteraceae	Ruegeria
E0THN6	Bacteria	Proteobacteria	Alphaproteobacteria	Parvularculales	Parvularculaceae	Parvularcula
A1CRV3	Eukaryota	Fungi	Dikarya	Ascomycota	Pezizomycotina	Eurotiomycetes	Eurotiomycetidae	Eurotiales	Aspergillaceae	Aspergillus	Aspergillus subgen. Fumigati
Q89HA2	Bacteria	Proteobacteria	Alphaproteobacteria	Rhizobiales	Bradyrhizobiaceae	Bradyrhizobium
C0QEC5	Bacteria	Proteobacteria	Deltaproteobacteria	Desulfobacterales	Desulfobacteraceae	Desulfobacterium
Q2SPT1	Bacteria	Proteobacteria	Gammaproteobacteria	Oceanospirillales	Hahellaceae	Hahella
Q6FCR9	Bacteria	Proteobacteria	Gammaproteobacteria	Pseudomonadales	Moraxellaceae	Acinetobacter
Q9X9Y4	Bacteria	Actinobacteria	Streptomycetales	Streptomycetaceae	Streptomyces	Streptomyces albidoflavus group
K9YIN4	Bacteria	Cyanobacteria	Oscillatoriophycideae	Chroococcales	Cyanobacteriaceae	Cyanobacterium
F4KSJ1	Bacteria	Bacteroidetes	Saprospiria	Saprospirales	Haliscomenobacteraceae	Haliscomenobacter
L0HFY9	Archaea	Euryarchaeota	Stenosarchaea group	Methanomicrobia	Methanomicrobiales	Methanoregulaceae	Methanoregula
D0LNL9	Bacteria	Proteobacteria	Deltaproteobacteria	Myxococcales	Nannocystineae	Kofleriaceae	Haliangium
F8KTY8	Bacteria	Proteobacteria	Epsilonproteobacteria	Campylobacterales	Helicobacteraceae	Helicobacter
A4CPX7	Bacteria	Bacteroidetes	Flavobacteriia	Flavobacteriales	Flavobacteriaceae	Robiginitalea
D7BYP6	Bacteria	Actinobacteria	Streptomycetales	Streptomycetaceae	Streptomyces
V5ESK9	Eukaryota	Fungi	Dikarya	Basidiomycota	Ustilaginomycotina	Ustilaginomycetes	Ustilaginales	Ustilaginaceae	Kalmanozyma
F3ZQX2	Bacteria	Bacteroidetes	Bacteroidia	Bacteroidales	Bacteroidaceae	Bacteroides
D8UGB5	Eukaryota	Viridiplantae	Chlorophyta	core chlorophytes	Chlorophyceae	Chlamydomonadales	Volvocaceae	Volvox
L0KAT4	Bacteria	Firmicutes	Clostridia	Halanaerobiales	Halobacteroidaceae	Halobacteroides
P55186	Bacteria	Proteobacteria	Alphaproteobacteria	Caulobacterales	Caulobacteraceae	Caulobacter
E6P7T0	Archaea	Thaumarchaeota	Thaumarchaeota incertae sedis	Candidatus Caldiarchaeum
Q7VC95	Bacteria	Cyanobacteria	Synechococcales	Prochloraceae	Prochlorococcus
U5VU83	Bacteria	Actinobacteria	Micromonosporales	Micromonosporaceae	Actinoplanes
U5HDF4	Eukaryota	Fungi	Dikarya	Basidiomycota	Pucciniomycotina	Microbotryomycetes	Microbotryales	Microbotryaceae	Microbotryum
M1P6K6	Bacteria	Actinobacteria	Corynebacteriales	Corynebacteriaceae	Corynebacterium
B8GLS2	Bacteria	Proteobacteria	Gammaproteobacteria	Chromatiales	Ectothiorhodospiraceae	Thioalkalivibrio
K2RD80	Eukaryota	Fungi	Dikarya	Ascomycota	Pezizomycotina	Dothideomycetes	Dothideomycetes incertae sedis	Botryosphaeriales	Botryosphaeriaceae	Macrophomina
R6V8K4	Bacteria	Firmicutes	environmental samples
A8AB39	Archaea	Crenarchaeota	Thermoprotei	Desulfurococcales	Desulfurococcaceae	Ignicoccus
D5E9T6	Archaea	Euryarchaeota	Stenosarchaea group	Methanomicrobia	Methanosarcinales	Methanosarcinaceae	Methanohalophilus
L0FYC7	Bacteria	Bacteroidetes	Cytophagia	Cytophagales	Cyclobacteriaceae	Echinicola
C4LBH0	Bacteria	Proteobacteria	Gammaproteobacteria	Aeromonadales	Aeromonadaceae	Tolumonas
C1A831	Bacteria	Gemmatimonadetes	Gemmatimonadales	Gemmatimonadaceae	Gemmatimonas
C7QI36	Bacteria	Actinobacteria	Catenulisporales	Catenulisporaceae	Catenulispora
D1AC50	Bacteria	Actinobacteria	Streptosporangiales	Thermomonosporaceae	Thermomonospora
H5X0X7	Bacteria	Actinobacteria	Pseudonocardiales	Pseudonocardiaceae	Saccharomonospora
D4YYK0	Bacteria	Proteobacteria	Alphaproteobacteria	Sphingomonadales	Sphingomonadaceae	Sphingobium
D2QXB6	Bacteria	Planctomycetes	Planctomycetia	Pirellulales	Pirellulaceae	Pirellula
Q2RTF9	Bacteria	Proteobacteria	Alphaproteobacteria	Rhodospirillales	Rhodospirillaceae	Rhodospirillum
M1FGF8	Bacteria	Proteobacteria	Gammaproteobacteria	Alteromonadales	Alteromonadaceae	Marinobacter
Q8EN63	Bacteria	Firmicutes	Bacilli	Bacillales	Bacillaceae	Oceanobacillus
E3H7Y9	Bacteria	Fusobacteria	Fusobacteriales	Fusobacteriaceae	Ilyobacter
A0L8Q3	Bacteria	Proteobacteria	Alphaproteobacteria	Magnetococcales	Magnetococcaceae	Magnetococcus
B6JI49	Bacteria	Proteobacteria	Alphaproteobacteria	Rhizobiales	Bradyrhizobiaceae	Oligotropha
Q31I28	Bacteria	Proteobacteria	Gammaproteobacteria	Thiotrichales	Piscirickettsiaceae	Hydrogenovibrio
D3F7W7	Bacteria	Actinobacteria	Thermoleophilia	Solirubrobacterales	Conexibacteraceae	Conexibacter
B3PIW6	Bacteria	Proteobacteria	Gammaproteobacteria	Cellvibrionales	Cellvibrionaceae	Cellvibrio
L0DM04	Bacteria	Planctomycetes	Planctomycetia	Isosphaerales	Isosphaeraceae	Singulisphaera
M1WK27	Bacteria	Proteobacteria	Deltaproteobacteria	Desulfovibrionales	Desulfovibrionaceae
Q9RV97	Bacteria	Deinococcus-Thermus	Deinococci	Deinococcales	Deinococcaceae	Deinococcus
G8T9I7	Bacteria	Bacteroidetes	Chitinophagia	Chitinophagales	Chitinophagaceae	Niastella
D5XAE6	Bacteria	Firmicutes	Clostridia	Clostridiales	Peptococcaceae	Thermincola
Q89XD6	Bacteria	Proteobacteria	Alphaproteobacteria	Rhizobiales	Bradyrhizobiaceae	Bradyrhizobium
Q5AWH2	Eukaryota	Fungi	Dikarya	Ascomycota	Pezizomycotina	Eurotiomycetes	Eurotiomycetidae	Eurotiales	Aspergillaceae	Aspergillus	Aspergillus subgen. Nidulantes
I7DMW8	Bacteria	Proteobacteria	Alphaproteobacteria	Rhodobacterales	Rhodobacteraceae	Phaeobacter
B8ENG2	Bacteria	Proteobacteria	Alphaproteobacteria	Rhizobiales	Beijerinckiaceae	Methylocella
A4CKY0	Bacteria	Bacteroidetes	Flavobacteriia	Flavobacteriales	Flavobacteriaceae	Robiginitalea
D8Q944	Eukaryota	Fungi	Dikarya	Basidiomycota	Agaricomycotina	Agaricomycetes	Agaricomycetidae	Agaricales	Schizophyllaceae	Schizophyllum
S5Y3M0	Bacteria	Proteobacteria	Alphaproteobacteria	Rhodobacterales	Rhodobacteraceae	Paracoccus
B3PCY6	Bacteria	Proteobacteria	Gammaproteobacteria	Cellvibrionales	Cellvibrionaceae	Cellvibrio
C5BVM1	Bacteria	Actinobacteria	Micrococcales	Beutenbergiaceae	Beutenbergia
F4L3Q5	Bacteria	Bacteroidetes	Saprospiria	Saprospirales	Haliscomenobacteraceae	Haliscomenobacter
W0F5M9	Bacteria	Bacteroidetes	Chitinophagia	Chitinophagales	Chitinophagaceae	Niabella
E9T3W0	Bacteria	Actinobacteria	Corynebacteriales	Nocardiaceae	Rhodococcus
F0SLG8	Bacteria	Planctomycetes	Planctomycetia	Planctomycetales	Planctomycetaceae	Rubinisphaera
B4RGG9	Bacteria	Proteobacteria	Alphaproteobacteria	Caulobacterales	Caulobacteraceae	Phenylobacterium
A3HXJ9	Bacteria	Bacteroidetes	Cytophagia	Cytophagales	Cyclobacteriaceae	Algoriphagus
H5X104	Bacteria	Actinobacteria	Pseudonocardiales	Pseudonocardiaceae	Saccharomonospora
Q28QZ2	Bacteria	Proteobacteria	Alphaproteobacteria	Rhodobacterales	Rhodobacteraceae	Jannaschia	unclassified Jannaschia
I4F2K3	Bacteria	Actinobacteria	Geodermatophilales	Geodermatophilaceae	Modestobacter
A8IBC8	Bacteria	Proteobacteria	Alphaproteobacteria	Rhizobiales	Xanthobacteraceae	Azorhizobium
G8QK91	Bacteria	Proteobacteria	Betaproteobacteria	Rhodocyclales	Rhodocyclaceae	Azospira
E8N024	Bacteria	Chloroflexi	Anaerolineae	Anaerolineales	Anaerolineaceae	Anaerolinea
Q1AWD8	Bacteria	Actinobacteria	Rubrobacteria	Rubrobacterales	Rubrobacteraceae	Rubrobacter
Q5YX61	Bacteria	Actinobacteria	Corynebacteriales	Nocardiaceae	Nocardia
E6WY63	Bacteria	Proteobacteria	Epsilonproteobacteria	Campylobacterales	Sulfurovaceae	Nitratifractor
V5FSW9	Eukaryota	Fungi	Dikarya	Ascomycota	Pezizomycotina	Eurotiomycetes	Eurotiomycetidae	Eurotiales	Thermoascaceae	Byssochlamys
H8L251	Bacteria	Proteobacteria	Gammaproteobacteria	Xanthomonadales	Rhodanobacteraceae	Frateuria
A1WNQ2	Bacteria	Proteobacteria	Betaproteobacteria	Burkholderiales	Comamonadaceae	Verminephrobacter
F5YHU4	Bacteria	Spirochaetes	Spirochaetales	Spirochaetaceae	Treponema
F2JL06	Bacteria	Firmicutes	Clostridia	Clostridiales	Lachnospiraceae	Cellulosilyticum
E3I0Y6	Bacteria	Proteobacteria	Alphaproteobacteria	Rhizobiales	Hyphomicrobiaceae	Rhodomicrobium
A1AWH6	Bacteria	Proteobacteria	Gammaproteobacteria	sulfur-oxidizing symbionts	Candidatus Ruthia
D9QIR5	Bacteria	Proteobacteria	Alphaproteobacteria	Caulobacterales	Caulobacteraceae	Brevundimonas
D5AQD1	Bacteria	Proteobacteria	Alphaproteobacteria	Rhodobacterales	Rhodobacteraceae	Rhodobacter
B2IKG4	Bacteria	Proteobacteria	Alphaproteobacteria	Rhizobiales	Beijerinckiaceae	Beijerinckia
F5YNT6	Bacteria	Spirochaetes	Spirochaetales	Spirochaetaceae	Treponema
U5RSQ7	Bacteria	Firmicutes	Clostridia	Clostridiales	Clostridiaceae	Clostridium
R5QZX9	Bacteria	Firmicutes	Clostridia	Clostridiales	Ruminococcaceae	Ruminococcus	environmental samples
G3JHG4	Eukaryota	Fungi	Dikarya	Ascomycota	Pezizomycotina	Sordariomycetes	Hypocreomycetidae	Hypocreales	Cordycipitaceae	Cordyceps
O29248	Archaea	Euryarchaeota	Archaeoglobi	Archaeoglobales	Archaeoglobaceae	Archaeoglobus
Q96YK0	Archaea	Crenarchaeota	Thermoprotei	Sulfolobales	Sulfolobaceae	Sulfurisphaera
D1Z1V4	Archaea	Euryarchaeota	Stenosarchaea group	Methanomicrobia	Methanocellales	Methanocellaceae	Methanocella
A4G428	Bacteria	Proteobacteria	Betaproteobacteria	Burkholderiales	Oxalobacteraceae	Herminiimonas
E4T0D9	Bacteria	Bacteroidetes	Bacteroidia	Bacteroidales	Paludibacteraceae	Paludibacter
D5V4E9	Bacteria	Proteobacteria	Epsilonproteobacteria	Campylobacterales	Campylobacteraceae	Arcobacter group	Arcobacter
G2R6X2	Eukaryota	Fungi	Dikarya	Ascomycota	Pezizomycotina	Sordariomycetes	Sordariomycetidae	Sordariales	Chaetomiaceae	Thermothielavioides	Thermothielavioides terrestris
B5YKD5	Bacteria	Nitrospirae	Nitrospirales	Nitrospiraceae	Thermodesulfovibrio
H8XP56	Bacteria	Bacteroidetes	Flavobacteriia	Flavobacteriales	Flavobacteriaceae	Flavobacterium
C6XYN7	Bacteria	Bacteroidetes	Sphingobacteriia	Sphingobacteriales	Sphingobacteriaceae	Pedobacter
A5D4Z1	Bacteria	Firmicutes	Clostridia	Clostridiales	Peptococcaceae	Pelotomaculum
G4RAR5	Bacteria	Proteobacteria	Alphaproteobacteria	Rhizobiales	Hyphomicrobiaceae	Pelagibacterium
V5XCV2	Bacteria	Actinobacteria	Corynebacteriales	Mycobacteriaceae	Mycolicibacterium
E4NDB2	Bacteria	Actinobacteria	Streptomycetales	Streptomycetaceae	Kitasatospora
A1SAS5	Bacteria	Proteobacteria	Gammaproteobacteria	Alteromonadales	Shewanellaceae	Shewanella
P59426	Bacteria	Proteobacteria	Gammaproteobacteria	Enterobacterales	Erwiniaceae	Buchnera
F4AY55	Bacteria	Bacteroidetes	Flavobacteriia	Flavobacteriales	Flavobacteriaceae	Dokdonia
A4YP58	Bacteria	Proteobacteria	Alphaproteobacteria	Rhizobiales	Bradyrhizobiaceae	Bradyrhizobium	unclassified Bradyrhizobium
D6ZZ86	Bacteria	Proteobacteria	Alphaproteobacteria	Rhizobiales	Xanthobacteraceae	Starkeya
K0C1E4	Bacteria	Proteobacteria	Gammaproteobacteria	Thiotrichales	Piscirickettsiaceae	Cycloclasticus	unclassified Cycloclasticus
B1LVN5	Bacteria	Proteobacteria	Alphaproteobacteria	Rhizobiales	Methylobacteriaceae	Methylobacterium
D5X1L3	Bacteria	Proteobacteria	Betaproteobacteria	Burkholderiales	Thiomonas
A5VAS1	Bacteria	Proteobacteria	Alphaproteobacteria	Sphingomonadales	Sphingomonadaceae	Sphingomonas
G4RFN9	Bacteria	Proteobacteria	Alphaproteobacteria	Rhizobiales	Hyphomicrobiaceae	Pelagibacterium
K0KLV3	Eukaryota	Fungi	Dikarya	Ascomycota	Saccharomycotina	Saccharomycetes	Saccharomycetales	Phaffomycetaceae	Wickerhamomyces
W1QKY0	Eukaryota	Fungi	Dikarya	Ascomycota	Saccharomycotina	Saccharomycetes	Saccharomycetales	Pichiaceae	Ogataea
F2I151	Bacteria	Proteobacteria	Alphaproteobacteria	Pelagibacterales	Pelagibacteraceae	Candidatus Pelagibacter	unclassified Candidatus Pelagibacter
S9W0D3	Eukaryota	Fungi	Dikarya	Ascomycota	Taphrinomycotina	Schizosaccharomycetes	Schizosaccharomycetales	Schizosaccharomycetaceae	Schizosaccharomyces
A0LF54	Bacteria	Proteobacteria	Deltaproteobacteria	Syntrophobacterales	Syntrophobacteraceae	Syntrophobacter
Q2IH17	Bacteria	Proteobacteria	Deltaproteobacteria	Myxococcales	Cystobacterineae	Anaeromyxobacteraceae	Anaeromyxobacter
V5SDK7	Bacteria	Proteobacteria	Alphaproteobacteria	Rhizobiales	Hyphomicrobiaceae	Hyphomicrobium
O27498	Archaea	Euryarchaeota	Methanomada group	Methanobacteria	Methanobacteriales	Methanobacteriaceae	Methanothermobacter
A7TET1	Eukaryota	Fungi	Dikarya	Ascomycota	Saccharomycotina	Saccharomycetes	Saccharomycetales	Saccharomycetaceae	Vanderwaltozyma
F3YVU9	Bacteria	Proteobacteria	Deltaproteobacteria	Desulfovibrionales	Desulfovibrionaceae	Desulfocurvibacter
R5CYB1	Bacteria	Firmicutes	environmental samples
A8LMG6	Bacteria	Proteobacteria	Alphaproteobacteria	Rhodobacterales	Rhodobacteraceae	Dinoroseobacter
D0J3I0	Bacteria	Proteobacteria	Betaproteobacteria	Burkholderiales	Comamonadaceae	Comamonas
Q7UJ69	Bacteria	Planctomycetes	Planctomycetia	Pirellulales	Pirellulaceae	Rhodopirellula
D7BPY6	Bacteria	Actinobacteria	Streptomycetales	Streptomycetaceae	Streptomyces
B6IMJ8	Bacteria	Proteobacteria	Alphaproteobacteria	Rhodospirillales	Rhodospirillaceae	Rhodospirillum
C8WZ36	Bacteria	Proteobacteria	Deltaproteobacteria	Desulfovibrionales	Desulfohalobiaceae	Desulfohalobium
C7JHS6	Bacteria	Proteobacteria	Alphaproteobacteria	Rhodospirillales	Acetobacteraceae	Acetobacter
M7T147	Eukaryota	Fungi	Dikarya	Ascomycota	Pezizomycotina	Sordariomycetes	Xylariomycetidae	Xylariales	Diatrypaceae	Eutypa
Q8XPS8	Bacteria	Proteobacteria	Betaproteobacteria	Burkholderiales	Burkholderiaceae	Ralstonia
C6BUM7	Bacteria	Proteobacteria	Deltaproteobacteria	Desulfovibrionales	Desulfovibrionaceae	Maridesulfovibrio
C6WG67	Bacteria	Actinobacteria	Pseudonocardiales	Pseudonocardiaceae	Actinosynnema
D1B744	Bacteria	Synergistetes	Synergistia	Synergistales	Synergistaceae	Thermanaerovibrio
H6LF83	Bacteria	Firmicutes	Clostridia	Clostridiales	Eubacteriaceae	Acetobacterium
A8IES7	Bacteria	Proteobacteria	Alphaproteobacteria	Rhizobiales	Xanthobacteraceae	Azorhizobium
D9SQY0	Bacteria	Firmicutes	Clostridia	Clostridiales	Clostridiaceae	Clostridium
F2NW73	Bacteria	Spirochaetes	Spirochaetales	Spirochaetaceae	Treponema
F7PP44	Archaea	Euryarchaeota	Stenosarchaea group	Halobacteria	Halobacteriales	Haloarculaceae	Halorhabdus
Q8TW40	Archaea	Euryarchaeota	Methanopyri	Methanopyrales	Methanopyraceae	Methanopyrus
B1LTN6	Bacteria	Proteobacteria	Alphaproteobacteria	Rhizobiales	Methylobacteriaceae	Methylobacterium
B1XYD9	Bacteria	Proteobacteria	Betaproteobacteria	Burkholderiales	Leptothrix
A0QPQ7	Bacteria	Actinobacteria	Corynebacteriales	Mycobacteriaceae	Mycolicibacterium
B8IQ15	Bacteria	Proteobacteria	Alphaproteobacteria	Rhizobiales	Methylobacteriaceae	Methylobacterium
D3RZ05	Archaea	Euryarchaeota	Archaeoglobi	Archaeoglobales	Archaeoglobaceae	Ferroglobus
R5GC57	Bacteria	Bacteroidetes	Bacteroidia	Bacteroidales	Prevotellaceae	Prevotella	environmental samples
K1VFC0	Eukaryota	Fungi	Dikarya	Basidiomycota	Agaricomycotina	Tremellomycetes	Trichosporonales	Trichosporonaceae	Trichosporon
B2JMN5	Bacteria	Proteobacteria	Betaproteobacteria	Burkholderiales	Burkholderiaceae	Paraburkholderia
Q92RP0	Bacteria	Proteobacteria	Alphaproteobacteria	Rhizobiales	Rhizobiaceae	Sinorhizobium/Ensifer group	Sinorhizobium
H8KQS3	Bacteria	Bacteroidetes	Sphingobacteriia	Sphingobacteriales	Sphingobacteriaceae	Solitalea
W8X8L0	Bacteria	Proteobacteria	Betaproteobacteria	Burkholderiales	Alcaligenaceae	Castellaniella
K0B0S2	Bacteria	Firmicutes	Tissierellia	Tissierellales	Gottschalkiaceae	Gottschalkia
D2PWT8	Bacteria	Actinobacteria	Propionibacteriales	Nocardioidaceae	Kribbella
Q8ZYU6	Archaea	Crenarchaeota	Thermoprotei	Thermoproteales	Thermoproteaceae	Pyrobaculum
A4YEN4	Archaea	Crenarchaeota	Thermoprotei	Sulfolobales	Sulfolobaceae	Metallosphaera
D4K0K9	Bacteria	Firmicutes	Clostridia	Clostridiales	Ruminococcaceae	Faecalibacterium
A1K344	Bacteria	Proteobacteria	Betaproteobacteria	Rhodocyclales	Zoogloeaceae	Azoarcus
P44851	Bacteria	Proteobacteria	Gammaproteobacteria	Pasteurellales	Pasteurellaceae	Haemophilus
C5C347	Bacteria	Actinobacteria	Micrococcales	Beutenbergiaceae	Beutenbergia
D3F784	Bacteria	Actinobacteria	Thermoleophilia	Solirubrobacterales	Conexibacteraceae	Conexibacter
K0N789	Bacteria	Proteobacteria	Deltaproteobacteria	Desulfobacterales	Desulfobacteraceae	Desulfobacula
B2IKF7	Bacteria	Proteobacteria	Alphaproteobacteria	Rhizobiales	Beijerinckiaceae	Beijerinckia
D9S822	Bacteria	Fibrobacteres	Fibrobacterales	Fibrobacteraceae	Fibrobacter
E1V800	Bacteria	Proteobacteria	Gammaproteobacteria	Oceanospirillales	Halomonadaceae	Halomonas
U4QL62	Bacteria	Firmicutes	Clostridia	Thermosediminibacterales	Tepidanaerobacteraceae	Tepidanaerobacter
D7A2Q4	Bacteria	Proteobacteria	Alphaproteobacteria	Rhizobiales	Xanthobacteraceae	Starkeya
Q81F26	Bacteria	Firmicutes	Bacilli	Bacillales	Bacillaceae	Bacillus	Bacillus cereus group
Q31QL1	Bacteria	Cyanobacteria	Synechococcales	Synechococcaceae	Synechococcus
I4Y5V0	Eukaryota	Fungi	Dikarya	Basidiomycota	Wallemiomycotina	Wallemiomycetes	Wallemiales	Wallemiaceae	Wallemia
D5X2F0	Bacteria	Proteobacteria	Betaproteobacteria	Burkholderiales	Thiomonas
V4LF22	Bacteria	Proteobacteria	Gammaproteobacteria	Chromatiales	Chromatiaceae	Thiohalocapsa	environmental samples
B8E3F3	Bacteria	Dictyoglomi	Dictyoglomales	Dictyoglomaceae	Dictyoglomus
D2REG4	Archaea	Euryarchaeota	Archaeoglobi	Archaeoglobales	Archaeoglobaceae	Archaeoglobus
P56111	Bacteria	Proteobacteria	Epsilonproteobacteria	Campylobacterales	Helicobacteraceae	Helicobacter
Q2G738	Bacteria	Proteobacteria	Alphaproteobacteria	Sphingomonadales	Sphingomonadaceae	Novosphingobium
G7UTW9	Bacteria	Proteobacteria	Gammaproteobacteria	Xanthomonadales	Xanthomonadaceae	Pseudoxanthomonas
Q3Z888	Bacteria	Chloroflexi	Dehalococcoidia	Dehalococcoidales	Dehalococcoidaceae	Dehalococcoides
C7LWX7	Bacteria	Proteobacteria	Deltaproteobacteria	Desulfovibrionales	Desulfomicrobiaceae	Desulfomicrobium
D7E9G7	Archaea	Euryarchaeota	Stenosarchaea group	Methanomicrobia	Methanosarcinales	Methanosarcinaceae	Methanohalobium
Q97EE3	Bacteria	Firmicutes	Clostridia	Clostridiales	Clostridiaceae	Clostridium
V2XUW1	Eukaryota	Fungi	Dikarya	Basidiomycota	Agaricomycotina	Agaricomycetes	Agaricomycetidae	Agaricales	Marasmiaceae	Moniliophthora
R5NU09	Bacteria	Bacteroidetes	Bacteroidia	Bacteroidales	Odoribacteraceae	Odoribacter	environmental samples
D2UDZ7	Bacteria	Proteobacteria	Gammaproteobacteria	Xanthomonadales	Xanthomonadaceae	Xanthomonas
F2LWM1	Bacteria	Proteobacteria	Deltaproteobacteria	Desulfurellales	Desulfurellaceae	Hippea
R5AYC2	Bacteria	Bacteroidetes	Bacteroidia	Bacteroidales	Bacteroidaceae	Bacteroides	environmental samples
D2RTP6	Archaea	Euryarchaeota	Stenosarchaea group	Halobacteria	Natrialbales	Natrialbaceae	Haloterrigena
D7DLT5	Bacteria	Proteobacteria	Betaproteobacteria	Nitrosomonadales	Methylophilaceae	Methylotenera
W5WGR1	Bacteria	Actinobacteria	Pseudonocardiales	Pseudonocardiaceae	Kutzneria
D6Y145	Bacteria	Firmicutes	Bacilli	Bacillales	Sporolactobacillaceae	Sporolactobacillaceae incertae sedis
Q2S0M3	Bacteria	Bacteroidetes	Bacteroidetes Order II. Incertae sedis	Rhodothermaceae	Salinibacter
M9SHK8	Archaea	Euryarchaeota	Diaforarchaea group	Thermoplasmata	Methanomassiliicoccales	Candidatus Methanomethylophilaceae	Candidatus Methanomethylophilus
B6YQV1	Bacteria	Bacteroidetes	Bacteroidia	Bacteroidales	Candidatus Azobacteroides
C5CAA7	Bacteria	Actinobacteria	Micrococcales	Micrococcaceae	Micrococcus
Q7TV16	Bacteria	Cyanobacteria	Synechococcales	Prochloraceae	Prochlorococcus
D1Z1H3	Archaea	Euryarchaeota	Stenosarchaea group	Methanomicrobia	Methanocellales	Methanocellaceae	Methanocella
A4VM95	Bacteria	Proteobacteria	Gammaproteobacteria	Pseudomonadales	Pseudomonadaceae	Pseudomonas
F9ZLA7	Bacteria	Proteobacteria	Acidithiobacillia	Acidithiobacillales	Acidithiobacillaceae	Acidithiobacillus
A5FUN4	Bacteria	Proteobacteria	Alphaproteobacteria	Rhodospirillales	Acetobacteraceae	Acidiphilium
N0BE63	Archaea	Euryarchaeota	Archaeoglobi	Archaeoglobales	Archaeoglobaceae	Archaeoglobus
G2IQH0	Bacteria	Proteobacteria	Alphaproteobacteria	Sphingomonadales	Sphingomonadaceae	Sphingobium
D7CJ27	Bacteria	Firmicutes	Clostridia	Clostridiales	Syntrophomonadaceae	Syntrophothermus
I0IGH1	Bacteria	Planctomycetes	Phycisphaerae	Phycisphaerales	Phycisphaeraceae	Phycisphaera
A3DIY3	Bacteria	Firmicutes	Clostridia	Clostridiales	Hungateiclostridiaceae	Hungateiclostridium
G2IIV4	Bacteria	Proteobacteria	Alphaproteobacteria	Sphingomonadales	Sphingomonadaceae	Sphingobium
Q9WZ21	Bacteria	Thermotogae	Thermotogales	Thermotogaceae	Thermotoga
K5W5L6	Eukaryota	Fungi	Dikarya	Basidiomycota	Agaricomycotina	Agaricomycetes	Polyporales	Phanerochaetaceae	Phanerochaete
Q1LB15	Bacteria	Proteobacteria	Betaproteobacteria	Burkholderiales	Burkholderiaceae	Cupriavidus
G4KSB9	Bacteria	Firmicutes	Clostridia	Clostridiales	Oscillospiraceae	Oscillibacter
F0RV63	Bacteria	Spirochaetes	Spirochaetales	Spirochaetaceae	Sphaerochaeta
D1CDW2	Bacteria	Thermobaculum
C4LFN7	Bacteria	Proteobacteria	Gammaproteobacteria	Aeromonadales	Aeromonadaceae	Tolumonas
E1SPM6	Bacteria	Proteobacteria	Gammaproteobacteria	Alteromonadales	Ferrimonadaceae	Ferrimonas
B8GKJ5	Archaea	Euryarchaeota	Stenosarchaea group	Methanomicrobia	Methanomicrobiales	Methanoregulaceae	Methanosphaerula
Q6CAY2	Eukaryota	Fungi	Dikarya	Ascomycota	Saccharomycotina	Saccharomycetes	Saccharomycetales	Dipodascaceae	Yarrowia
B8FHH7	Bacteria	Proteobacteria	Deltaproteobacteria	Desulfobacterales	Desulfobacteraceae	Desulfatibacillum
J7QL61	Bacteria	Proteobacteria	Alphaproteobacteria	Rhizobiales	Methylocystaceae	Methylocystis	unclassified Methylocystis
F6IJ11	Bacteria	Proteobacteria	Alphaproteobacteria	Sphingomonadales	Sphingomonadaceae	Novosphingobium	unclassified Novosphingobium
E4U7C3	Bacteria	Deinococcus-Thermus	Deinococci	Thermales	Thermaceae	Oceanithermus
Q4FMJ7	Bacteria	Proteobacteria	Alphaproteobacteria	Pelagibacterales	Pelagibacteraceae	Candidatus Pelagibacter
A7I439	Bacteria	Proteobacteria	Epsilonproteobacteria	Campylobacterales	Campylobacteraceae	Campylobacter
F4BA02	Archaea	Crenarchaeota	Thermoprotei	Sulfolobales	Sulfolobaceae	Acidianus
G4NI23	Eukaryota	Fungi	Dikarya	Ascomycota	Pezizomycotina	Sordariomycetes	Sordariomycetidae	Magnaporthales	Pyriculariaceae	Pyricularia
M2N103	Eukaryota	Fungi	Dikarya	Ascomycota	Pezizomycotina	Dothideomycetes	Dothideomycetidae	Mycosphaerellales	Teratosphaeriaceae	Baudoinia
G1XED0	Eukaryota	Fungi	Dikarya	Ascomycota	Pezizomycotina	Orbiliomycetes	Orbiliales	Orbiliaceae	Arthrobotrys
Q0AV16	Bacteria	Firmicutes	Clostridia	Clostridiales	Syntrophomonadaceae	Syntrophomonas
Q28WD3	Bacteria	Proteobacteria	Alphaproteobacteria	Rhodobacterales	Rhodobacteraceae	Jannaschia	unclassified Jannaschia
F2NQG7	Bacteria	Deinococcus-Thermus	Deinococci	Thermales	Thermaceae	Marinithermus
A8I1Q1	Bacteria	Proteobacteria	Alphaproteobacteria	Rhizobiales	Xanthobacteraceae	Azorhizobium
Q8F219	Bacteria	Spirochaetes	Leptospirales	Leptospiraceae	Leptospira
W8F7E7	Bacteria	Bacteroidetes	Cytophagia	Cytophagales	Hymenobacteraceae	Hymenobacter
C8WR70	Bacteria	Firmicutes	Bacilli	Bacillales	Alicyclobacillaceae	Alicyclobacillus
M3B110	Eukaryota	Fungi	Dikarya	Ascomycota	Pezizomycotina	Dothideomycetes	Dothideomycetidae	Mycosphaerellales	Mycosphaerellaceae	Sphaerulina
D4ZKT7	Bacteria	Proteobacteria	Gammaproteobacteria	Alteromonadales	Shewanellaceae	Shewanella
G4T779	Eukaryota	Fungi	Dikarya	Basidiomycota	Agaricomycotina	Agaricomycetes	Sebacinales	Serendipitaceae	Serendipita
R5CJG2	Bacteria	Firmicutes	environmental samples
G2QAM5	Eukaryota	Fungi	Dikarya	Ascomycota	Pezizomycotina	Sordariomycetes	Sordariomycetidae	Sordariales	Chaetomiaceae	Thermothelomyces
Q9RJZ4	Bacteria	Actinobacteria	Streptomycetales	Streptomycetaceae	Streptomyces	Streptomyces albidoflavus group
A6L8E8	Bacteria	Bacteroidetes	Bacteroidia	Bacteroidales	Tannerellaceae	Parabacteroides
F7YV15	Bacteria	Thermotogae	Thermotogales	Thermotogaceae	Pseudothermotoga
P21909	Bacteria	Proteobacteria	Alphaproteobacteria	Sphingomonadales	Sphingomonadaceae	Zymomonas
F4GV01	Bacteria	Proteobacteria	Betaproteobacteria	Burkholderiales	Alcaligenaceae	Pusillimonas	unclassified Pusillimonas
R4KAG8	Bacteria	Firmicutes	Clostridia	Clostridiales	Clostridiaceae	Clostridium
D1A9Z0	Bacteria	Actinobacteria	Streptosporangiales	Thermomonosporaceae	Thermomonospora
D9R9A4	Bacteria	Firmicutes	Clostridia	Clostridiales	Lachnospiraceae	Lacrimispora
Q0RAS3	Bacteria	Actinobacteria	Frankiales	Frankiaceae	Frankia
Q5NLJ4	Bacteria	Proteobacteria	Alphaproteobacteria	Sphingomonadales	Sphingomonadaceae	Zymomonas
D5GG74	Eukaryota	Fungi	Dikarya	Ascomycota	Pezizomycotina	Pezizomycetes	Pezizales	Tuberaceae	Tuber
M2ZWF4	Eukaryota	Fungi	Dikarya	Ascomycota	Pezizomycotina	Dothideomycetes	Dothideomycetidae	Mycosphaerellales	Mycosphaerellaceae	Pseudocercospora
R6P965	Bacteria	Firmicutes	Clostridia	Clostridiales	Eubacteriaceae	Eubacterium	environmental samples
Q6AEN9	Bacteria	Actinobacteria	Micrococcales	Microbacteriaceae	Leifsonia
U3GWV0	Bacteria	Actinobacteria	Corynebacteriales	Corynebacteriaceae	Corynebacterium
F6EEZ0	Bacteria	Actinobacteria	Corynebacteriales	Mycobacteriaceae	Hoyosella
D5EMV5	Bacteria	Verrucomicrobia	Opitutae	Puniceicoccales	Puniceicoccaceae	Coraliomargarita
C6XSP9	Bacteria	Bacteroidetes	Sphingobacteriia	Sphingobacteriales	Sphingobacteriaceae	Pedobacter
E3E6F1	Bacteria	Firmicutes	Bacilli	Bacillales	Paenibacillaceae	Paenibacillus
F5XPD4	Bacteria	Actinobacteria	Propionibacteriales	Propionibacteriaceae	Microlunatus
D4H3C9	Bacteria	Deferribacteres	Deferribacterales	Deferribacteraceae	Denitrovibrio
Q5Z0M2	Bacteria	Actinobacteria	Corynebacteriales	Nocardiaceae	Nocardia
A1B3F3	Bacteria	Proteobacteria	Alphaproteobacteria	Rhodobacterales	Rhodobacteraceae	Paracoccus
W0RRW6	Bacteria	Gemmatimonadetes	Gemmatimonadales	Gemmatimonadaceae	Gemmatirosa
G0A137	Bacteria	Proteobacteria	Gammaproteobacteria	Methylococcales	Methylococcaceae	Methylomonas
D7A859	Bacteria	Proteobacteria	Alphaproteobacteria	Rhizobiales	Xanthobacteraceae	Starkeya
D5BN38	Bacteria	Proteobacteria	Alphaproteobacteria	SAR116 cluster	Candidatus Puniceispirillum
V6JI10	Bacteria	Actinobacteria	Streptomycetales	Streptomycetaceae	Streptomyces
R6MKK5	Bacteria	Firmicutes	environmental samples
K7RZT0	Bacteria	Actinobacteria	Propionibacteriales	Propionibacteriaceae	Acidipropionibacterium
Q0AT03	Bacteria	Proteobacteria	Alphaproteobacteria	Maricaulales	Maricaulaceae	Maricaulis
Q8TPV2	Archaea	Euryarchaeota	Stenosarchaea group	Methanomicrobia	Methanosarcinales	Methanosarcinaceae	Methanosarcina
A2SR31	Archaea	Euryarchaeota	Stenosarchaea group	Methanomicrobia	Methanomicrobiales	Methanocorpusculaceae	Methanocorpusculum
D0KZW4	Bacteria	Proteobacteria	Gammaproteobacteria	Chromatiales	Halothiobacillaceae	Halothiobacillus
A7I7L0	Archaea	Euryarchaeota	Stenosarchaea group	Methanomicrobia	Methanomicrobiales	Methanoregulaceae	Methanoregula
A6TMQ6	Bacteria	Firmicutes	Clostridia	Clostridiales	Clostridiaceae	Alkaliphilus
R5Y909	Bacteria	Bacteroidetes	Bacteroidia	Bacteroidales	Bacteroidaceae	Bacteroides	environmental samples
L0KW57	Archaea	Euryarchaeota	Stenosarchaea group	Methanomicrobia	Methanosarcinales	Methanosarcinaceae	Methanomethylovorans
Q11AQ4	Bacteria	Proteobacteria	Alphaproteobacteria	Rhizobiales	Phyllobacteriaceae	Chelativorans	unclassified Chelativorans
D0MU74	Eukaryota	Sar	Stramenopiles	Oomycota	Peronosporales	Peronosporaceae	Phytophthora
Q11M13	Bacteria	Proteobacteria	Alphaproteobacteria	Rhizobiales	Phyllobacteriaceae	Chelativorans	unclassified Chelativorans
I4BXD1	Bacteria	Synergistetes	Synergistia	Synergistales	Synergistaceae	Acetomicrobium
Q3IXP4	Bacteria	Proteobacteria	Alphaproteobacteria	Rhodobacterales	Rhodobacteraceae	Rhodobacter
P57656	Bacteria	Proteobacteria	Gammaproteobacteria	Enterobacterales	Erwiniaceae	Buchnera
R6KMB9	Bacteria	Firmicutes	Clostridia	Clostridiales	Clostridiaceae	Clostridium	environmental samples
D6Z6F0	Bacteria	Proteobacteria	Deltaproteobacteria	Desulfobacterales	Desulfobulbaceae	Desulfurivibrio
A4FLW7	Bacteria	Actinobacteria	Pseudonocardiales	Pseudonocardiaceae	Saccharopolyspora
U5Q4A2	Bacteria	Bacteroidetes	Bacteroidia	Bacteroidales
Q9PH47	Bacteria	Proteobacteria	Gammaproteobacteria	Xanthomonadales	Xanthomonadaceae	Xylella
B8MPX6	Eukaryota	Fungi	Dikarya	Ascomycota	Pezizomycotina	Eurotiomycetes	Eurotiomycetidae	Eurotiales	Trichocomaceae	Talaromyces	Talaromyces sect. Talaromyces
B4RE52	Bacteria	Proteobacteria	Alphaproteobacteria	Caulobacterales	Caulobacteraceae	Phenylobacterium
E3QN59	Eukaryota	Fungi	Dikarya	Ascomycota	Pezizomycotina	Sordariomycetes	Hypocreomycetidae	Glomerellales	Glomerellaceae	Colletotrichum	Colletotrichum graminicola species complex
A2TXH7	Bacteria	Bacteroidetes	Flavobacteriia	Flavobacteriales	Flavobacteriaceae	Polaribacter
F8J712	Bacteria	Proteobacteria	Alphaproteobacteria	Rhizobiales	Hyphomicrobiaceae	Hyphomicrobium	unclassified Hyphomicrobium
Q9JYX1	Bacteria	Proteobacteria	Betaproteobacteria	Neisseriales	Neisseriaceae	Neisseria
C7MVD0	Bacteria	Actinobacteria	Pseudonocardiales	Pseudonocardiaceae	Saccharomonospora
A5G0M6	Bacteria	Proteobacteria	Alphaproteobacteria	Rhodospirillales	Acetobacteraceae	Acidiphilium
Q01U60	Bacteria	Acidobacteria	Bryobacterales	Solibacteraceae	Candidatus Solibacter
I3ZKC5	Bacteria	Acidobacteria	Acidobacteriales	Acidobacteriaceae	Terriglobus
K0IK82	Archaea	Thaumarchaeota	Nitrososphaeria	Nitrososphaerales	Nitrososphaeraceae	Nitrososphaera
Q2NE10	Archaea	Euryarchaeota	Methanomada group	Methanobacteria	Methanobacteriales	Methanobacteriaceae	Methanosphaera
E6TUA7	Bacteria	Firmicutes	Bacilli	Bacillales	Bacillaceae	Bacillus
F8EZR0	Bacteria	Spirochaetes	Spirochaetales	Spirochaetaceae	Treponema
A1WGG1	Bacteria	Proteobacteria	Betaproteobacteria	Burkholderiales	Comamonadaceae	Verminephrobacter
D5QBJ0	Bacteria	Proteobacteria	Alphaproteobacteria	Rhodospirillales	Acetobacteraceae	Komagataeibacter
D1C3Y6	Bacteria	Chloroflexi	Sphaerobacteridae	Sphaerobacterales	Sphaerobacterineae	Sphaerobacteraceae	Sphaerobacter
A6X609	Bacteria	Proteobacteria	Alphaproteobacteria	Rhizobiales	Brucellaceae	Ochrobactrum
Q2FMZ1	Archaea	Euryarchaeota	Stenosarchaea group	Methanomicrobia	Methanomicrobiales	Methanospirillaceae	Methanospirillum
H5WLD3	Bacteria	Proteobacteria	Betaproteobacteria	Burkholderiales
R5C5K5	Bacteria	Firmicutes	Clostridia	Clostridiales	Lachnospiraceae	Blautia	environmental samples
D8IWS7	Bacteria	Proteobacteria	Betaproteobacteria	Burkholderiales	Oxalobacteraceae	Herbaspirillum
I0I5T5	Bacteria	Chloroflexi	Caldilineae	Caldilineales	Caldilineaceae	Caldilinea
O67009	Bacteria	Aquificae	Aquificales	Aquificaceae	Aquifex
Q3IL60	Bacteria	Proteobacteria	Gammaproteobacteria	Alteromonadales	Pseudoalteromonadaceae	Pseudoalteromonas
C7PB44	Bacteria	Bacteroidetes	Chitinophagia	Chitinophagales	Chitinophagaceae	Chitinophaga
A8INH5	Bacteria	Proteobacteria	Alphaproteobacteria	Rhizobiales	Xanthobacteraceae	Azorhizobium
E4RWL7	Bacteria	Bacteroidetes	Cytophagia	Cytophagales	Cytophagaceae	Leadbetterella
A7RMM9	Eukaryota	Metazoa	Cnidaria	Anthozoa	Hexacorallia	Actiniaria	Edwardsiidae	Nematostella
M1P059	Bacteria	Proteobacteria	Deltaproteobacteria	Desulfobacterales	Desulfobulbaceae	Desulfocapsa
E0RUN5	Bacteria	Firmicutes	Clostridia	Clostridiales	Lachnospiraceae	Butyrivibrio
R5Z2R8	Bacteria	Firmicutes	environmental samples
J3NPK1	Eukaryota	Fungi	Dikarya	Ascomycota	Pezizomycotina	Sordariomycetes	Sordariomycetidae	Magnaporthales	Magnaporthaceae	Gaeumannomyces
U6ED52	Archaea	Euryarchaeota	Methanomada group	Methanobacteria	Methanobacteriales	Methanobacteriaceae	Methanobacterium	unclassified Methanobacterium
G8TWX2	Bacteria	Firmicutes	Clostridia	Clostridiales	Clostridiales Family XVII. Incertae Sedis	Sulfobacillus
Q5B2U2	Eukaryota	Fungi	Dikarya	Ascomycota	Pezizomycotina	Eurotiomycetes	Eurotiomycetidae	Eurotiales	Aspergillaceae	Aspergillus	Aspergillus subgen. Nidulantes
G4RCM3	Bacteria	Proteobacteria	Alphaproteobacteria	Rhizobiales	Hyphomicrobiaceae	Pelagibacterium
Q12TW7	Archaea	Euryarchaeota	Stenosarchaea group	Methanomicrobia	Methanosarcinales	Methanosarcinaceae	Methanococcoides
B7G0B2	Eukaryota	Sar	Stramenopiles	Ochrophyta	Bacillariophyta	Bacillariophyceae	Bacillariophycidae	Naviculales	Phaeodactylaceae	Phaeodactylum
Q317H9	Bacteria	Proteobacteria	Deltaproteobacteria	Desulfovibrionales	Desulfovibrionaceae	Desulfovibrio
D6ZFT9	Bacteria	Actinobacteria	Actinomycetales	Actinomycetaceae	Mobiluncus
R4T2P2	Bacteria	Actinobacteria	Pseudonocardiales	Pseudonocardiaceae	Amycolatopsis
Q8ZLH0	Bacteria	Proteobacteria	Gammaproteobacteria	Enterobacterales	Enterobacteriaceae	Salmonella
G0SFX4	Eukaryota	Fungi	Dikarya	Ascomycota	Pezizomycotina	Sordariomycetes	Sordariomycetidae	Sordariales	Chaetomiaceae	Chaetomium
A7IE26	Bacteria	Proteobacteria	Alphaproteobacteria	Rhizobiales	Xanthobacteraceae	Xanthobacter
H1Z030	Archaea	Euryarchaeota	Stenosarchaea group	Methanomicrobia	Methanomicrobiales	Methanomicrobiaceae	Methanoplanus
Q3J1I5	Bacteria	Proteobacteria	Alphaproteobacteria	Rhodobacterales	Rhodobacteraceae	Rhodobacter
R5IC33	Bacteria	Firmicutes	Clostridia	Clostridiales	Clostridiaceae	Clostridium	environmental samples
Q1H3B0	Bacteria	Proteobacteria	Betaproteobacteria	Nitrosomonadales	Methylophilaceae	Methylobacillus
Q2NA17	Bacteria	Proteobacteria	Alphaproteobacteria	Sphingomonadales	Erythrobacteraceae	Erythrobacter/Porphyrobacter group	Erythrobacter
G7V5E7	Bacteria	Synergistetes	Synergistia	Synergistales	Synergistaceae	Thermovirga
Q0W3L6	Archaea	Euryarchaeota	Stenosarchaea group	Methanomicrobia	Methanocellales	Methanocellaceae	Methanocella
R4KI10	Bacteria	Firmicutes	Clostridia	Clostridiales	Peptococcaceae	Desulfallas
F3ZWJ6	Bacteria	Firmicutes	Clostridia	Thermoanaerobacterales	Thermoanaerobacterales Family IV. Incertae Sedis	Mahella
W0BF59	Bacteria	Proteobacteria	Gammaproteobacteria	Legionellales	Legionellaceae	Legionella
H8KZQ3	Bacteria	Proteobacteria	Gammaproteobacteria	Xanthomonadales	Rhodanobacteraceae	Frateuria
E6W5D1	Bacteria	Chrysiogenetes	Chrysiogenales	Chrysiogenaceae	Desulfurispirillum
C6XJD9	Bacteria	Proteobacteria	Alphaproteobacteria	Hyphomonadales	Hyphomonadaceae	Hirschia
R4X9Y6	Eukaryota	Fungi	Dikarya	Ascomycota	Taphrinomycotina	Taphrinomycetes	Taphrinales	Taphrinaceae	Taphrina
W8S8P4	Bacteria	Proteobacteria	Alphaproteobacteria	Rhodobacterales	Rhodobacteraceae	Roseibacterium
G2Z6U5	Bacteria	Bacteroidetes	Flavobacteriia	Flavobacteriales	Flavobacteriaceae	Flavobacterium
B2A605	Bacteria	Firmicutes	Clostridia	Natranaerobiales	Natranaerobiaceae	Natranaerobius
I1YJ05	Bacteria	Proteobacteria	Gammaproteobacteria	Thiotrichales	Piscirickettsiaceae	Methylophaga
A5DB65	Eukaryota	Fungi	Dikarya	Ascomycota	Saccharomycotina	Saccharomycetes	Saccharomycetales	Debaryomycetaceae	Meyerozyma
R9T808	Archaea	Euryarchaeota	Diaforarchaea group	Thermoplasmata	Methanomassiliicoccales	Methanomassiliicoccaceae	Methanomassiliicoccus
W5WDF4	Bacteria	Actinobacteria	Pseudonocardiales	Pseudonocardiaceae	Kutzneria
F4S819	Eukaryota	Fungi	Dikarya	Basidiomycota	Pucciniomycotina	Pucciniomycetes	Pucciniales	Melampsoraceae	Melampsora
E3CUD9	Bacteria	Synergistetes	Synergistia	Synergistales	Synergistaceae	Aminomonas
Q02BF4	Bacteria	Acidobacteria	Bryobacterales	Solibacteraceae	Candidatus Solibacter
G2PMD8	Bacteria	Bacteroidetes	Flavobacteriia	Flavobacteriales	Flavobacteriaceae	Muricauda
H6BXZ0	Eukaryota	Fungi	Dikarya	Ascomycota	Pezizomycotina	Eurotiomycetes	Chaetothyriomycetidae	Chaetothyriales	Herpotrichiellaceae	Exophiala
R4LZ05	Bacteria	Actinobacteria	Micromonosporales	Micromonosporaceae	Actinoplanes	unclassified Actinoplanes
A3I2D1	Bacteria	Bacteroidetes	Cytophagia	Cytophagales	Cyclobacteriaceae	Algoriphagus
E0SRA7	Archaea	Crenarchaeota	Thermoprotei	Desulfurococcales	Desulfurococcaceae	Ignisphaera
F5Y101	Bacteria	Proteobacteria	Betaproteobacteria	Burkholderiales	Comamonadaceae	Ramlibacter
F4GWU0	Bacteria	Proteobacteria	Betaproteobacteria	Burkholderiales	Alcaligenaceae	Pusillimonas	unclassified Pusillimonas
B5EHV2	Bacteria	Proteobacteria	Deltaproteobacteria	Desulfuromonadales	Geobacteraceae	Geobacter
D7GFT0	Bacteria	Actinobacteria	Propionibacteriales	Propionibacteriaceae	Propionibacterium
A4SX86	Bacteria	Proteobacteria	Betaproteobacteria	Burkholderiales	Burkholderiaceae	Polynucleobacter
B0UHF7	Bacteria	Proteobacteria	Alphaproteobacteria	Rhizobiales	Methylobacteriaceae	Methylobacterium
I5ARC4	Bacteria	Firmicutes	Clostridia	Clostridiales	Eubacteriaceae	Eubacterium
T2KHY8	Bacteria	Bacteroidetes	Flavobacteriia	Flavobacteriales	Flavobacteriaceae	Formosa
R5AFD1	Bacteria	Firmicutes	Clostridia	Clostridiales	Clostridiaceae	Clostridium	environmental samples
Q11BV0	Bacteria	Proteobacteria	Alphaproteobacteria	Rhizobiales	Phyllobacteriaceae	Chelativorans	unclassified Chelativorans
D3P8T4	Bacteria	Deferribacteres	Deferribacterales	Deferribacteraceae	Deferribacter
B7J5V8	Bacteria	Proteobacteria	Acidithiobacillia	Acidithiobacillales	Acidithiobacillaceae	Acidithiobacillus
Q92UE7	Bacteria	Proteobacteria	Alphaproteobacteria	Rhizobiales	Rhizobiaceae	Sinorhizobium/Ensifer group	Sinorhizobium
Q21KY6	Bacteria	Proteobacteria	Gammaproteobacteria	Cellvibrionales	Cellvibrionaceae	Saccharophagus
J9ZDQ1	Bacteria	Nitrospirae	Nitrospirales	Nitrospiraceae	Leptospirillum
K4LJE4	Bacteria	Firmicutes	Clostridia	Thermoanaerobacterales	Thermoanaerobacteraceae	Thermacetogenium
A0KF00	Bacteria	Proteobacteria	Gammaproteobacteria	Aeromonadales	Aeromonadaceae	Aeromonas
R5ISL1	Bacteria	Firmicutes	Clostridia	Clostridiales	Clostridiaceae	Clostridium	environmental samples
F7QL16	Bacteria	Proteobacteria	Alphaproteobacteria	Rhizobiales	Bradyrhizobiaceae
F4CVU4	Bacteria	Actinobacteria	Pseudonocardiales	Pseudonocardiaceae	Pseudonocardia
D9QSG1	Bacteria	Firmicutes	Clostridia	Halanaerobiales	Halobacteroidaceae	Acetohalobium
F2NF30	Bacteria	Proteobacteria	Deltaproteobacteria	Syntrophobacterales	Syntrophaceae	Desulfobacca
A0QRZ2	Bacteria	Actinobacteria	Corynebacteriales	Mycobacteriaceae	Mycolicibacterium
G9MFD8	Eukaryota	Fungi	Dikarya	Ascomycota	Pezizomycotina	Sordariomycetes	Hypocreomycetidae	Hypocreales	Hypocreaceae	Trichoderma
A1WDX3	Bacteria	Proteobacteria	Betaproteobacteria	Burkholderiales	Comamonadaceae	Verminephrobacter
K0J3X1	Bacteria	Firmicutes	Bacilli	Bacillales	Bacillaceae	Amphibacillus